distancia,vagas,eleitores,cota,valor
2496,8,299558,45240.67,431516.96
933,46,12141145,35388.11,1700741.09
1081,30,7865950,38500.00,970964.91
1314,16,5070212,39505.92,558756.24
878,8,1877982,40170.98,314968.90
1932,8,2428098,43198.26,290753.34
1292,8,1454165,39767.40,305330.78
1687,22,6271554,42079.91,1031559.38
1592,17,5188450,41855.59,562921.89
878,8,1818937,40170.98,228472.90
933,46,12408340,35388.11,1749134.52
173,17,4454497,35135.20,462567.50
1292,8,1454165,39767.40,268571.91
0,8,2084356,30416.80,256667.65
1314,16,4859324,39505.92,557873.28
620,8,1039439,39131.75,422304.24
873,70,31998432,36671.67,2659368.30
2496,8,299558,45240.67,225042.31
1619,31,8392033,40504.04,1290311.75
1687,22,6344483,42079.91,316662.36
1292,8,1454165,39767.40,289026.46
878,8,1877982,40170.98,315988.91
1775,8,2327451,42360.13,305729.66
1619,31,8354732,40504.04,552758.45
1485,9,1995727,40572.24,240139.04
1775,8,2327451,42360.13,329367.07
1524,18,4497336,41779.83,686346.03
1932,8,2428098,43198.26,462401.96
1314,16,4859324,39505.92,179116.46
620,8,996887,39131.75,278872.27
873,70,33040411,36671.67,2234460.78
1524,18,4537237,41779.83,737489.67
1687,22,6344483,42079.91,662280.51
1292,8,1577058,39767.40,236063.91
173,17,4331733,35135.20,371501.29
1524,18,4497336,41779.83,895889.11
2496,8,333464,45240.67,286087.90
620,8,996887,39131.75,353060.59
1292,8,1577058,39767.40,166791.03
933,46,12408340,35388.11,1319267.66
1900,8,1175733,43300.63,166299.19
1657,25,6570072,41304.94,723288.20
173,17,4454497,35135.20,394991.93
1485,9,2187967,40572.24,232077.96
2496,8,299558,45240.67,358906.39
947,10,2754728,37052.05,213810.50
1313,10,2345694,40599.91,427447.40
620,8,1039439,39131.75,451144.98
873,70,31998432,36671.67,1082740.81
873,70,31998432,36671.67,2193655.12
1716,12,2867649,41660.70,473292.03
878,8,1818937,40170.98,290108.48
620,8,996887,39131.75,415312.56
1932,8,2226891,43198.26,204317.98
2246,8,506724,44260.60,406905.39
620,8,1039439,39131.75,280018.29
1524,18,4537237,41779.83,558647.22
1791,8,512110,43002.92,307378.23
1932,8,2428098,43198.26,311245.37
878,8,1818937,40170.98,231868.99
1687,22,6271554,42079.91,721784.42
878,8,1818937,40170.98,281349.27
1775,8,2373619,42360.13,359964.91
1592,17,5188450,41855.59,648774.17
1524,18,4537237,41779.83,718140.03
1485,9,2187967,40572.24,334007.66
1592,17,5188450,41855.59,598065.90
1485,9,1995727,40572.24,312271.80
873,70,33040411,36671.67,2726558.16
1775,8,2327451,42360.13,318747.14
873,8,2330281,39056.17,296819.82
1081,30,7971087,38500.00,862736.65
947,10,2754728,37052.05,257352.89
1687,22,6271554,42079.91,431611.67
1791,8,455514,43002.92,341939.37
2496,8,299558,45240.67,379244.62
947,10,2653536,37052.05,368174.84
1592,17,5499283,41855.59,450943.24
1687,22,6344483,42079.91,931807.06
1313,10,2370894,40599.91,316482.33
1060,39,10393170,38638.99,1199180.17
1791,8,455514,43002.92,246971.91
1900,8,1127154,43300.63,303148.71
2496,8,333464,45240.67,437674.27
1592,17,5188450,41855.59,643267.23
1314,16,5070212,39505.92,252526.88
1081,30,7971087,38500.00,1123395.05
1932,8,2428098,43198.26,336364.89
2246,8,547680,44260.60,365367.61
620,8,1039439,39131.75,256635.91
1932,8,2226891,43198.26,262909.28
1791,8,512110,43002.92,338837.25
624,53,15248681,35720.85,1904682.36
1524,18,4537237,41779.83,656877.62
1485,9,2187967,40572.24,654425.71
620,8,1039439,39131.75,304377.46
2246,8,506724,44260.60,360723.49
620,8,996887,39131.75,313088.86
947,10,2754728,37052.05,268016.96
1687,22,6344483,42079.91,1295120.34
1791,8,512110,43002.92,331181.29
1292,8,1454165,39767.40,218672.39
1775,8,2373619,42360.13,189161.77
620,8,1039439,39131.75,265573.85
1314,16,5070212,39505.92,333096.97
1314,16,5070212,39505.92,539017.47
1619,31,8354732,40504.04,839231.38
624,53,15248681,35720.85,1895819.30
1775,8,2327451,42360.13,331518.36
933,46,12141145,35388.11,1240278.16
1657,25,6356307,41304.94,689667.37
1060,39,10185417,38638.99,1453863.49
933,46,12141145,35388.11,1199562.67
933,46,12408340,35388.11,1091572.32
1775,8,2327451,42360.13,385275.55
1292,8,1577058,39767.40,368155.53
1932,8,2428098,43198.26,222378.46
878,8,1877982,40170.98,442128.81
624,53,15248681,35720.85,2424268.01
1687,22,6344483,42079.91,824122.31
1932,8,2226891,43198.26,348545.48
933,46,12408340,35388.11,1285168.83
1716,12,2835882,41660.70,420732.88
1592,17,5499283,41855.59,523760.45
1657,25,6356307,41304.94,1038151.20
873,8,2330281,39056.17,202273.63
173,17,4331733,35135.20,512711.73
1619,31,8392033,40504.04,1357317.37
620,8,996887,39131.75,319363.88
1060,39,10185417,38638.99,1403969.09
873,8,2189703,39056.17,386547.45
1060,39,10185417,38638.99,1119547.41
1716,12,2835882,41660.70,499570.74
873,70,31998432,36671.67,2448791.31
1292,8,1577058,39767.40,334031.61
624,53,15700966,35720.85,2104458.01
2496,8,299558,45240.67,404488.28
0,8,2084356,30416.80,135026.37
933,46,12408340,35388.11,1113527.93
1081,30,7971087,38500.00,697216.61
0,8,1897677,30416.80,250611.00
2496,8,299558,45240.67,228536.92
933,46,12408340,35388.11,1174088.62
1081,30,7865950,38500.00,998901.61
1313,10,2370894,40599.91,388878.00
2246,8,506724,44260.60,382113.17
1313,10,2370894,40599.91,358045.97
173,17,4331733,35135.20,359857.42
878,8,1818937,40170.98,353214.65
1619,31,8392033,40504.04,986094.46
933,46,12141145,35388.11,2042150.06
173,17,4454497,35135.20,582833.65
1485,9,1995727,40572.24,395091.09
1791,8,455514,43002.92,302781.99
1081,30,7865950,38500.00,766419.78
1932,8,2428098,43198.26,303898.19
0,8,1897677,30416.80,238607.14
624,53,15700966,35720.85,1519896.06
1314,16,4859324,39505.92,549493.53
1313,10,2345694,40599.91,444588.70
2496,8,299558,45240.67,297948.81
620,8,996887,39131.75,386880.09
1932,8,2226891,43198.26,288319.89
2246,8,506724,44260.60,265932.66
173,17,4454497,35135.20,306975.97
1932,8,2226891,43198.26,277598.17
1687,22,6271554,42079.91,842726.15
1716,12,2867649,41660.70,395780.75
2246,8,547680,44260.60,435182.15
1592,17,5499283,41855.59,709379.53
933,46,12141145,35388.11,954954.79
1485,9,1995727,40572.24,816584.62
1485,9,2187967,40572.24,323019.51
1592,17,5499283,41855.59,512176.54
878,8,1818937,40170.98,366518.48
1485,9,1995727,40572.24,321982.90
620,8,1039439,39131.75,331729.89
873,70,33040411,36671.67,2131989.04
1060,39,10185417,38638.99,1458909.75
1524,18,4537237,41779.83,724786.44
620,8,996887,39131.75,389241.05
1791,8,512110,43002.92,256624.58
1313,10,2370894,40599.91,213869.05
1313,10,2345694,40599.91,453426.04
173,17,4454497,35135.20,536475.73
1292,8,1577058,39767.40,230037.47
1932,8,2226891,43198.26,274830.43
2246,8,506724,44260.60,341261.23
1900,8,1127154,43300.63,303558.04
933,46,12141145,35388.11,1738861.73
1775,8,2373619,42360.13,277767.22
873,8,2189703,39056.17,281251.08
1314,16,4859324,39505.92,727583.62
0,8,2084356,30416.80,78770.55
1313,10,2345694,40599.91,303684.48
1524,18,4497336,41779.83,779610.94
0,8,2084356,30416.80,175910.25
2496,8,333464,45240.67,264912.17
873,70,31998432,36671.67,2172211.02
1485,9,1995727,40572.24,283216.91
2246,8,547680,44260.60,349678.15
933,46,12141145,35388.11,1566251.70
1657,25,6356307,41304.94,1131962.23
2496,8,299558,45240.67,384621.41
1524,18,4537237,41779.83,701669.21
1716,12,2835882,41660.70,349881.41
1060,39,10185417,38638.99,1526818.51
1716,12,2867649,41660.70,179065.29
1314,16,4859324,39505.92,513950.28
1081,30,7971087,38500.00,1226420.78
1485,9,1995727,40572.24,251032.41
1592,17,5188450,41855.59,708214.08
624,53,15248681,35720.85,1873265.49
1687,22,6271554,42079.91,965998.83
624,53,15248681,35720.85,1823714.03
873,70,33040411,36671.67,1886248.29
1791,8,455514,43002.92,348803.62
0,8,1897677,30416.80,229271.67
2496,8,333464,45240.67,247802.18
1716,12,2867649,41660.70,214633.10
1524,18,4497336,41779.83,747599.11
1716,12,2867649,41660.70,383848.78
1524,18,4497336,41779.83,715174.88
1619,31,8392033,40504.04,1204044.70
1657,25,6570072,41304.94,857493.02
873,8,2189703,39056.17,305874.47
173,17,4454497,35135.20,549412.48
173,17,4331733,35135.20,522547.61
1687,22,6271554,42079.91,856407.31
933,46,12141145,35388.11,1466011.06
624,53,15700966,35720.85,1694775.19
1485,9,2187967,40572.24,394274.34
1485,9,1995727,40572.24,304707.75
0,8,1897677,30416.80,211214.69
1791,8,512110,43002.92,360433.19
1081,30,7971087,38500.00,443910.55
1900,8,1127154,43300.63,309623.01
1716,12,2835882,41660.70,333303.90
947,10,2653536,37052.05,354482.21
1775,8,2373619,42360.13,285395.27
873,70,33040411,36671.67,1352452.43
1657,25,6570072,41304.94,738322.16
878,8,1818937,40170.98,318690.40
1687,22,6271554,42079.91,957056.26
1314,16,4859324,39505.92,502050.05
1687,22,6344483,42079.91,861768.10
1657,25,6356307,41304.94,991045.12
1775,8,2373619,42360.13,282012.69
1592,17,5188450,41855.59,721512.12
1060,39,10185417,38638.99,1480545.36
1775,8,2373619,42360.13,351788.58
1313,10,2345694,40599.91,467328.56
0,8,1897677,30416.80,203106.75
1716,12,2835882,41660.70,429468.44
873,8,2330281,39056.17,235579.09
2496,8,299558,45240.67,482384.10
1716,12,2867649,41660.70,521435.69
878,8,1818937,40170.98,343453.12
1657,25,6356307,41304.94,775962.22
173,17,4331733,35135.20,687256.49
1932,8,2428098,43198.26,166591.97
0,8,1897677,30416.80,264241.77
1313,10,2345694,40599.91,135077.37
947,10,2653536,37052.05,328193.69
1060,39,10185417,38638.99,1581981.32
1619,31,8354732,40504.04,765702.27
1932,8,2226891,43198.26,237661.30
1619,31,8392033,40504.04,1092152.92
947,10,2653536,37052.05,138358.46
1592,17,5499283,41855.59,535972.12
1900,8,1175733,43300.63,221058.11
873,70,33040411,36671.67,1652226.41
873,8,2189703,39056.17,285481.03
1292,8,1577058,39767.40,373017.15
173,17,4331733,35135.20,428709.25
947,10,2653536,37052.05,350943.57
1900,8,1175733,43300.63,225545.61
1657,25,6356307,41304.94,1194688.16
1619,31,8354732,40504.04,583166.55
2496,8,299558,45240.67,378431.19
1313,10,2370894,40599.91,391336.19
2496,8,333464,45240.67,340197.45
2246,8,506724,44260.60,356620.43
2496,8,333464,45240.67,195400.80
1524,18,4497336,41779.83,869987.27
1716,12,2867649,41660.70,375632.96
1485,9,1995727,40572.24,231002.77
1687,22,6271554,42079.91,831871.85
873,70,31998432,36671.67,2370127.35
1313,10,2370894,40599.91,321865.47
1716,12,2867649,41660.70,352404.84
624,53,15700966,35720.85,1233375.05
933,46,12141145,35388.11,1460946.93
1900,8,1127154,43300.63,584103.34
873,70,31998432,36671.67,1713635.91
1716,12,2867649,41660.70,540701.97
878,8,1818937,40170.98,274993.27
2496,8,333464,45240.67,259186.10
1932,8,2428098,43198.26,453581.29
1932,8,2428098,43198.26,371013.29
1485,9,2187967,40572.24,340722.08
2246,8,506724,44260.60,360028.39
1716,12,2867649,41660.70,320815.56
2246,8,547680,44260.60,322073.47
1657,25,6356307,41304.94,973864.83
933,46,12408340,35388.11,2232716.99
1485,9,2187967,40572.24,273847.51
620,8,996887,39131.75,321808.59
1524,18,4497336,41779.83,844446.04
1313,10,2370894,40599.91,354084.95
1657,25,6356307,41304.94,915044.40
1775,8,2327451,42360.13,360913.87
1524,18,4497336,41779.83,781971.31
1292,8,1577058,39767.40,258831.59
1314,16,5070212,39505.92,606491.68
1313,10,2370894,40599.91,330250.87
1524,18,4537237,41779.83,872822.98
933,46,12408340,35388.11,653420.05
873,70,33040411,36671.67,2008379.67
1314,16,4859324,39505.92,577182.00
1313,10,2345694,40599.91,386291.10
1932,8,2226891,43198.26,246379.21
1687,22,6271554,42079.91,953494.26
1485,9,2187967,40572.24,154791.32
2246,8,547680,44260.60,513325.44
2246,8,506724,44260.60,188369.04
1619,31,8392033,40504.04,1038511.34
1524,18,4497336,41779.83,626763.60
873,8,2330281,39056.17,243516.77
1619,31,8392033,40504.04,1035986.07
173,17,4454497,35135.20,485843.70
1524,18,4537237,41779.83,696034.32
1932,8,2428098,43198.26,336313.08
1932,8,2226891,43198.26,236527.77
2246,8,547680,44260.60,427056.87
1687,22,6271554,42079.91,981821.15
1313,10,2370894,40599.91,344169.57
1900,8,1127154,43300.63,313534.29
933,46,12408340,35388.11,1074303.20
1524,18,4537237,41779.83,542153.44
1716,12,2835882,41660.70,589826.81
1619,31,8392033,40504.04,1218044.51
1314,16,5070212,39505.92,185709.07
1619,31,8354732,40504.04,938722.01
620,8,1039439,39131.75,224995.08
1485,9,2187967,40572.24,317582.52
1775,8,2373619,42360.13,378835.01
1081,30,7971087,38500.00,739153.78
947,10,2653536,37052.05,254799.61
620,8,1039439,39131.75,360836.31
1292,8,1454165,39767.40,334044.78
1791,8,512110,43002.92,389772.33
1791,8,512110,43002.92,306590.56
1619,31,8354732,40504.04,874263.71
1081,30,7865950,38500.00,1200164.56
1716,12,2867649,41660.70,900880.77
2246,8,506724,44260.60,450558.10
1060,39,10185417,38638.99,1392497.40
873,8,2189703,39056.17,345539.98
947,10,2754728,37052.05,319228.85
0,8,1897677,30416.80,187100.29
1060,39,10393170,38638.99,1366568.43
173,17,4331733,35135.20,297887.93
2496,8,333464,45240.67,198248.39
624,53,15700966,35720.85,1775449.44
624,53,15700966,35720.85,1166927.72
873,70,31998432,36671.67,1661078.17
1716,12,2835882,41660.70,438627.52
873,70,33040411,36671.67,2701083.16
1485,9,2187967,40572.24,394076.89
2246,8,506724,44260.60,402514.95
878,8,1877982,40170.98,299641.29
1524,18,4497336,41779.83,843857.27
933,46,12141145,35388.11,1716669.55
878,8,1818937,40170.98,245868.95
1314,16,5070212,39505.92,378969.77
173,17,4331733,35135.20,513434.78
1687,22,6344483,42079.91,917354.28
2246,8,506724,44260.60,355175.31
1081,30,7971087,38500.00,1306535.45
1791,8,455514,43002.92,503753.85
873,8,2189703,39056.17,368362.46
873,70,31998432,36671.67,2981848.62
1592,17,5188450,41855.59,671576.67
2246,8,506724,44260.60,345303.10
873,8,2330281,39056.17,286450.34
620,8,996887,39131.75,305190.09
1619,31,8392033,40504.04,1155887.05
1687,22,6271554,42079.91,620198.41
1932,8,2226891,43198.26,340923.17
1524,18,4497336,41779.83,741566.33
873,8,2189703,39056.17,199503.31
173,17,4454497,35135.20,498557.71
173,17,4331733,35135.20,549620.81
878,8,1818937,40170.98,231352.80
1775,8,2373619,42360.13,381608.03
1619,31,8392033,40504.04,1120899.32
1292,8,1577058,39767.40,321030.46
624,53,15700966,35720.85,1313484.88
1060,39,10185417,38638.99,1459518.68
1292,8,1577058,39767.40,378756.29
1592,17,5499283,41855.59,469481.30
873,70,33040411,36671.67,2244266.27
873,70,31998432,36671.67,2454557.13
1791,8,455514,43002.92,325954.61
873,70,31998432,36671.67,2289751.19
1524,18,4497336,41779.83,615432.82
1932,8,2226891,43198.26,317510.65
1292,8,1454165,39767.40,254615.93
1716,12,2867649,41660.70,354822.78
1716,12,2867649,41660.70,480782.39
620,8,1039439,39131.75,268538.76
1524,18,4497336,41779.83,666075.63
873,8,2189703,39056.17,332125.69
1592,17,5499283,41855.59,639185.57
1292,8,1454165,39767.40,297965.73
873,70,31998432,36671.67,2699849.28
1314,16,5070212,39505.92,421755.08
1932,8,2428098,43198.26,218792.98
1775,8,2373619,42360.13,305631.05
873,8,2189703,39056.17,282193.45
1292,8,1454165,39767.40,281373.97
1900,8,1127154,43300.63,325156.99
878,8,1818937,40170.98,355565.63
873,70,33040411,36671.67,1963803.77
1657,25,6570072,41304.94,922448.85
1524,18,4497336,41779.83,847435.56
1081,30,7865950,38500.00,843196.82
873,8,2189703,39056.17,301711.85
2496,8,299558,45240.67,406854.85
1292,8,1577058,39767.40,259736.45
873,70,33040411,36671.67,2213384.99
1657,25,6356307,41304.94,1214784.64
1716,12,2835882,41660.70,465844.23
1313,10,2345694,40599.91,485765.23
1592,17,5499283,41855.59,744854.27
878,8,1877982,40170.98,278486.00
1619,31,8392033,40504.04,1408697.25
873,8,2330281,39056.17,180535.16
1314,16,5070212,39505.92,480456.35
1292,8,1577058,39767.40,331238.19
873,70,33040411,36671.67,1636586.64
933,46,12408340,35388.11,1501534.64
1619,31,8392033,40504.04,1330563.66
1292,8,1577058,39767.40,202746.80
1060,39,10393170,38638.99,952802.17
1900,8,1175733,43300.63,256423.84
1775,8,2327451,42360.13,418535.54
1619,31,8354732,40504.04,1006641.96
1619,31,8354732,40504.04,757155.81
1900,8,1175733,43300.63,244896.37
1619,31,8354732,40504.04,916621.25
873,8,2189703,39056.17,311952.07
2246,8,547680,44260.60,374848.88
1592,17,5499283,41855.59,507695.58
947,10,2653536,37052.05,430628.67
1791,8,455514,43002.92,273641.95
1314,16,4859324,39505.92,475679.69
2496,8,333464,45240.67,420250.36
947,10,2754728,37052.05,377433.73
1687,22,6271554,42079.91,881402.79
2246,8,547680,44260.60,404623.34
1775,8,2327451,42360.13,335356.22
2246,8,506724,44260.60,317948.97
1485,9,1995727,40572.24,262999.02
1687,22,6271554,42079.91,845613.53
1900,8,1175733,43300.63,235630.99
1081,30,7865950,38500.00,994403.00
1081,30,7865950,38500.00,1106933.94
1592,17,5499283,41855.59,393857.23
1932,8,2226891,43198.26,311473.36
1314,16,4859324,39505.92,567798.44
1932,8,2226891,43198.26,442098.69
873,70,33040411,36671.67,2229049.89
2496,8,333464,45240.67,253641.64
1292,8,1577058,39767.40,307634.94
1060,39,10185417,38638.99,1617542.06
1314,16,5070212,39505.92,462414.02
1313,10,2345694,40599.91,327907.77
878,8,1818937,40170.98,364302.54
620,8,1039439,39131.75,287673.31
1791,8,455514,43002.92,355434.44
873,70,33040411,36671.67,2527989.62
1657,25,6356307,41304.94,844412.48
1716,12,2835882,41660.70,525399.45
873,8,2330281,39056.17,362093.92
624,53,15248681,35720.85,1526261.47
1657,25,6570072,41304.94,1031697.61
1791,8,455514,43002.92,252591.03
1791,8,512110,43002.92,523828.85
878,8,1877982,40170.98,296459.44
1687,22,6271554,42079.91,848654.74
873,70,33040411,36671.67,1841195.65
1292,8,1577058,39767.40,290553.82
1932,8,2226891,43198.26,254553.83
1313,10,2370894,40599.91,379988.61
1592,17,5188450,41855.59,676373.04
1313,10,2370894,40599.91,340223.90
873,70,31998432,36671.67,2350089.67
933,46,12141145,35388.11,1474676.42
620,8,1039439,39131.75,325471.56
873,8,2330281,39056.17,284329.79
1081,30,7971087,38500.00,743589.23
1900,8,1127154,43300.63,361273.12
620,8,1039439,39131.75,314372.15
1619,31,8354732,40504.04,701908.55
933,46,12141145,35388.11,1656235.10
1292,8,1454165,39767.40,158877.86
1524,18,4537237,41779.83,546328.60
1524,18,4497336,41779.83,781974.08
1485,9,1995727,40572.24,206132.02
947,10,2754728,37052.05,287810.81
947,10,2653536,37052.05,321989.63
1292,8,1454165,39767.40,325173.03
1657,25,6356307,41304.94,580127.96
1485,9,2187967,40572.24,318616.86
1619,31,8392033,40504.04,1398106.97
1791,8,512110,43002.92,424223.06
1900,8,1175733,43300.63,168677.51
1657,25,6570072,41304.94,682402.76
1791,8,455514,43002.92,320563.98
173,17,4454497,35135.20,486974.15
1081,30,7971087,38500.00,1289030.85
1485,9,2187967,40572.24,494916.50
1314,16,5070212,39505.92,530906.30
1716,12,2835882,41660.70,332394.12
1716,12,2867649,41660.70,306290.25
2496,8,299558,45240.67,344675.97
947,10,2754728,37052.05,308317.73
947,10,2653536,37052.05,258613.89
1081,30,7971087,38500.00,1163962.83
1657,25,6570072,41304.94,1104329.91
947,10,2754728,37052.05,430977.97
1619,31,8354732,40504.04,1081378.27
1292,8,1577058,39767.40,358615.31
1524,18,4537237,41779.83,506631.31
620,8,996887,39131.75,671315.76
1791,8,455514,43002.92,430883.74
2246,8,547680,44260.60,341733.26
1775,8,2327451,42360.13,325699.32
1060,39,10393170,38638.99,1563607.83
1314,16,5070212,39505.92,483116.38
1060,39,10185417,38638.99,1429756.37
1313,10,2370894,40599.91,450580.40
1524,18,4537237,41779.83,482836.51
620,8,1039439,39131.75,427833.64
624,53,15248681,35720.85,1945921.57
0,8,1897677,30416.80,475932.08
873,8,2189703,39056.17,291348.43
947,10,2653536,37052.05,542265.88
0,8,1897677,30416.80,270770.29
1485,9,1995727,40572.24,346456.56
1932,8,2428098,43198.26,142323.65
2496,8,333464,45240.67,366263.03
1060,39,10393170,38638.99,1497380.55
2496,8,333464,45240.67,146990.98
1775,8,2327451,42360.13,386224.13
1314,16,4859324,39505.92,601032.19
1592,17,5499283,41855.59,541113.63
947,10,2653536,37052.05,329249.67
933,46,12141145,35388.11,1299357.81
1592,17,5188450,41855.59,719809.29
1060,39,10393170,38638.99,1480202.74
1292,8,1454165,39767.40,315935.53
2496,8,299558,45240.67,384059.51
947,10,2754728,37052.05,429707.41
1485,9,1995727,40572.24,245515.22
1619,31,8392033,40504.04,1382053.92
1716,12,2867649,41660.70,315390.36
2246,8,506724,44260.60,300913.64
1060,39,10185417,38638.99,1504969.39
1900,8,1175733,43300.63,164077.86
1485,9,2187967,40572.24,328074.86
2246,8,506724,44260.60,286605.61
878,8,1877982,40170.98,332282.66
1313,10,2345694,40599.91,368609.01
173,17,4454497,35135.20,384980.25
1314,16,4859324,39505.92,551328.81
873,70,33040411,36671.67,1814521.93
1687,22,6344483,42079.91,770677.97
1313,10,2370894,40599.91,410025.54
947,10,2653536,37052.05,369328.84
1081,30,7865950,38500.00,1164834.19
873,8,2189703,39056.17,274948.78
878,8,1877982,40170.98,203693.83
947,10,2754728,37052.05,287299.03
1775,8,2327451,42360.13,296392.44
1313,10,2370894,40599.91,263306.79
873,70,31998432,36671.67,1714129.97
1619,31,8354732,40504.04,1171042.81
1687,22,6271554,42079.91,761040.28
1619,31,8392033,40504.04,1204782.62
0,8,2084356,30416.80,138091.65
1485,9,2187967,40572.24,355163.86
1775,8,2373619,42360.13,253520.87
1081,30,7865950,38500.00,1130845.53
1687,22,6271554,42079.91,796415.22
1791,8,512110,43002.92,396452.74
1314,16,4859324,39505.92,672122.51
1524,18,4497336,41779.83,678305.50
1657,25,6570072,41304.94,1215173.68
624,53,15700966,35720.85,1349619.13
1900,8,1175733,43300.63,177552.20
1775,8,2327451,42360.13,224690.16
2496,8,333464,45240.67,301653.58
1900,8,1175733,43300.63,158954.82
1060,39,10393170,38638.99,1695081.21
2496,8,333464,45240.67,319401.55
1314,16,5070212,39505.92,331737.98
878,8,1818937,40170.98,315080.15
1775,8,2373619,42360.13,261779.21
1313,10,2370894,40599.91,377819.96
1314,16,5070212,39505.92,318807.99
1932,8,2428098,43198.26,389214.32
1313,10,2370894,40599.91,361427.35
1524,18,4537237,41779.83,466614.73
1524,18,4497336,41779.83,695874.64
873,70,31998432,36671.67,3082513.34
0,8,2084356,30416.80,139377.17
1775,8,2373619,42360.13,280380.24
1524,18,4537237,41779.83,526001.97
173,17,4331733,35135.20,497780.01
173,17,4331733,35135.20,612061.69
1592,17,5188450,41855.59,548367.43
2246,8,547680,44260.60,227800.33
620,8,996887,39131.75,285650.98
1592,17,5188450,41855.59,456179.96
2246,8,547680,44260.60,260900.88
1657,25,6356307,41304.94,951166.69
1081,30,7971087,38500.00,820118.11
1932,8,2428098,43198.26,315308.44
933,46,12408340,35388.11,1531397.86
1791,8,512110,43002.92,244622.90
1592,17,5188450,41855.59,706831.53
1791,8,455514,43002.92,314397.09
1716,12,2835882,41660.70,413680.70
1081,30,7971087,38500.00,906612.09
620,8,1039439,39131.75,286800.30
1932,8,2226891,43198.26,363029.73
873,70,33040411,36671.67,2040240.33
1900,8,1127154,43300.63,290886.43
933,46,12408340,35388.11,1659289.92
1619,31,8354732,40504.04,885876.44
1524,18,4497336,41779.83,502044.77
624,53,15248681,35720.85,2194695.10
2246,8,547680,44260.60,390505.92
878,8,1818937,40170.98,466912.22
0,8,2084356,30416.80,141213.52
620,8,996887,39131.75,221051.78
1716,12,2867649,41660.70,420708.61
873,8,2189703,39056.17,245186.39
173,17,4454497,35135.20,436376.89
1775,8,2327451,42360.13,419260.66
873,70,31998432,36671.67,1719121.61
1592,17,5499283,41855.59,725378.13
2496,8,333464,45240.67,286586.56
1524,18,4537237,41779.83,610007.91
933,46,12141145,35388.11,1675583.68
1687,22,6344483,42079.91,1080653.54
933,46,12141145,35388.11,1370105.03
0,8,1897677,30416.80,244618.64
1775,8,2327451,42360.13,321319.51
1619,31,8354732,40504.04,568225.84
1524,18,4497336,41779.83,592109.38
0,8,2084356,30416.80,123428.54
878,8,1877982,40170.98,248651.43
1292,8,1577058,39767.40,344579.30
1292,8,1577058,39767.40,317283.70
933,46,12408340,35388.11,2001543.34
1592,17,5188450,41855.59,823717.74
1657,25,6570072,41304.94,1076486.36
1060,39,10393170,38638.99,1040926.95
624,53,15248681,35720.85,1830595.02
1060,39,10393170,38638.99,1811863.97
1657,25,6570072,41304.94,949966.85
1657,25,6356307,41304.94,922101.13
173,17,4331733,35135.20,509345.07
1524,18,4497336,41779.83,809794.39
1060,39,10393170,38638.99,1605375.20
1619,31,8354732,40504.04,687250.40
1775,8,2373619,42360.13,229624.75
2496,8,333464,45240.67,324432.10
1900,8,1175733,43300.63,232867.44
1657,25,6570072,41304.94,1124844.50
1060,39,10185417,38638.99,1831749.24
1791,8,512110,43002.92,259134.78
1657,25,6570072,41304.94,1167257.23
1292,8,1454165,39767.40,344428.90
1524,18,4497336,41779.83,825675.04
1619,31,8354732,40504.04,757888.35
1313,10,2370894,40599.91,363227.30
173,17,4454497,35135.20,488183.45
1932,8,2428098,43198.26,356670.27
1314,16,5070212,39505.92,441773.22
947,10,2653536,37052.05,321140.96
0,8,2084356,30416.80,174147.12
1485,9,1995727,40572.24,461358.03
933,46,12141145,35388.11,1052030.76
947,10,2653536,37052.05,429164.00
0,8,2084356,30416.80,93554.46
873,8,2330281,39056.17,157542.79
1657,25,6570072,41304.94,664887.17
878,8,1877982,40170.98,259238.18
1485,9,1995727,40572.24,429821.28
947,10,2754728,37052.05,217461.07
620,8,996887,39131.75,296017.34
2496,8,299558,45240.67,300769.98
933,46,12408340,35388.11,1436419.02
873,8,2189703,39056.17,267425.29
1592,17,5188450,41855.59,534722.78
1060,39,10393170,38638.99,1202501.92
1292,8,1454165,39767.40,259259.21
1313,10,2345694,40599.91,374966.91
2496,8,333464,45240.67,326988.11
933,46,12141145,35388.11,629606.60
947,10,2653536,37052.05,299140.72
1081,30,7865950,38500.00,1049135.81
1313,10,2345694,40599.91,419269.33
0,8,1897677,30416.80,182150.46
2246,8,506724,44260.60,462649.03
2496,8,333464,45240.67,363103.33
620,8,996887,39131.75,221470.24
1292,8,1577058,39767.40,434537.94
1619,31,8354732,40504.04,1458693.81
1524,18,4537237,41779.83,521884.87
1900,8,1127154,43300.63,325820.14
173,17,4331733,35135.20,525534.43
2246,8,506724,44260.60,398621.23
2496,8,299558,45240.67,285202.84
1775,8,2373619,42360.13,315929.17
1313,10,2370894,40599.91,363755.94
1716,12,2867649,41660.70,408199.45
1791,8,512110,43002.92,446882.00
1313,10,2345694,40599.91,442958.94
878,8,1818937,40170.98,340586.68
2496,8,299558,45240.67,414542.22
1900,8,1127154,43300.63,217908.22
1900,8,1127154,43300.63,360277.69
1687,22,6344483,42079.91,823574.67
1485,9,1995727,40572.24,701302.38
2246,8,506724,44260.60,273645.89
878,8,1818937,40170.98,374939.15
1314,16,4859324,39505.92,485844.96
173,17,4331733,35135.20,526410.01
1292,8,1577058,39767.40,209277.13
1900,8,1175733,43300.63,250037.49
1775,8,2373619,42360.13,245240.39
1524,18,4497336,41779.83,510239.58
1687,22,6344483,42079.91,728457.89
1524,18,4537237,41779.83,910759.50
878,8,1818937,40170.98,303417.29
1619,31,8354732,40504.04,1484929.82
1657,25,6356307,41304.94,856518.38
0,8,1897677,30416.80,155985.23
1314,16,5070212,39505.92,337513.80
1060,39,10393170,38638.99,1471345.48
1081,30,7971087,38500.00,847594.64
0,8,2084356,30416.80,102637.75
933,46,12141145,35388.11,1577191.35
1292,8,1454165,39767.40,246309.37
1081,30,7971087,38500.00,1106093.06
1619,31,8392033,40504.04,1223507.40
1524,18,4497336,41779.83,608074.67
1314,16,4859324,39505.92,606066.94
1932,8,2226891,43198.26,317851.07
878,8,1818937,40170.98,325958.19
1313,10,2345694,40599.91,367976.69
1900,8,1175733,43300.63,276616.64
1081,30,7865950,38500.00,1129863.23
873,8,2330281,39056.17,214258.74
0,8,1897677,30416.80,228379.43
2496,8,333464,45240.67,282548.61
1060,39,10393170,38638.99,1626301.20
1292,8,1454165,39767.40,283424.84
620,8,996887,39131.75,332239.08
933,46,12408340,35388.11,1354647.75
1524,18,4537237,41779.83,723755.65
873,8,2330281,39056.17,344545.94
0,8,1897677,30416.80,216846.70
173,17,4331733,35135.20,525530.63
1791,8,512110,43002.92,387675.36
1687,22,6271554,42079.91,1006939.66
1292,8,1454165,39767.40,238402.66
1314,16,4859324,39505.92,572634.84
1932,8,2226891,43198.26,282996.77
873,70,31998432,36671.67,3050216.84
1619,31,8354732,40504.04,1041395.84
1791,8,455514,43002.92,382052.37
1292,8,1577058,39767.40,345721.50
1524,18,4497336,41779.83,802014.77
1313,10,2345694,40599.91,343905.58
1791,8,455514,43002.92,302294.14
620,8,996887,39131.75,271949.91
1775,8,2327451,42360.13,385063.21
1292,8,1577058,39767.40,247072.42
1932,8,2226891,43198.26,309720.80
1524,18,4497336,41779.83,847672.03
1524,18,4537237,41779.83,703874.22
1619,31,8392033,40504.04,1146710.78
1932,8,2226891,43198.26,325122.87
933,46,12408340,35388.11,1403015.61
1791,8,455514,43002.92,414527.27
1687,22,6344483,42079.91,1053785.62
1791,8,512110,43002.92,370609.85
1592,17,5188450,41855.59,541072.70
0,8,2084356,30416.80,182076.52
1081,30,7865950,38500.00,397707.34
873,70,31998432,36671.67,2291432.00
0,8,1897677,30416.80,269387.78
0,8,1897677,30416.80,227035.75
878,8,1877982,40170.98,267417.11
947,10,2653536,37052.05,380523.60
1932,8,2226891,43198.26,242272.61
1485,9,1995727,40572.24,665576.92
873,8,2330281,39056.17,158496.42
2246,8,547680,44260.60,253117.20
1791,8,455514,43002.92,332469.70
1292,8,1577058,39767.40,277199.43
1900,8,1127154,43300.63,347521.10
0,8,2084356,30416.80,131924.32
620,8,996887,39131.75,314500.12
1314,16,5070212,39505.92,262042.82
947,10,2653536,37052.05,340134.10
1932,8,2226891,43198.26,313707.55
947,10,2754728,37052.05,302623.93
1292,8,1454165,39767.40,335867.22
624,53,15248681,35720.85,2021158.73
1687,22,6271554,42079.91,784839.37
2246,8,547680,44260.60,385301.10
173,17,4454497,35135.20,280087.35
1687,22,6271554,42079.91,709841.53
878,8,1877982,40170.98,340448.51
2496,8,299558,45240.67,385559.62
624,53,15700966,35720.85,1637562.55
624,53,15248681,35720.85,2040728.07
1081,30,7971087,38500.00,704395.68
1313,10,2345694,40599.91,323714.08
1060,39,10393170,38638.99,1318650.80
1716,12,2835882,41660.70,573088.03
1060,39,10393170,38638.99,1355558.81
1313,10,2370894,40599.91,340178.15
1619,31,8354732,40504.04,1440040.95
1592,17,5499283,41855.59,533602.46
933,46,12141145,35388.11,901173.86
878,8,1877982,40170.98,136520.52
1791,8,512110,43002.92,323336.15
1292,8,1454165,39767.40,306754.44
173,17,4454497,35135.20,415775.88
173,17,4454497,35135.20,484360.95
1060,39,10393170,38638.99,1364894.14
1314,16,5070212,39505.92,462463.22
1485,9,1995727,40572.24,369561.68
873,70,33040411,36671.67,1177892.18
1081,30,7865950,38500.00,781669.87
873,8,2330281,39056.17,320846.48
1485,9,1995727,40572.24,366301.06
873,8,2330281,39056.17,191694.71
1900,8,1175733,43300.63,157377.39
1687,22,6344483,42079.91,1045954.73
1314,16,5070212,39505.92,247904.25
624,53,15700966,35720.85,1990187.78
1524,18,4497336,41779.83,670507.06
933,46,12141145,35388.11,1670028.07
1314,16,5070212,39505.92,259731.22
1657,25,6570072,41304.94,969291.63
1292,8,1454165,39767.40,313648.68
947,10,2754728,37052.05,366971.21
947,10,2754728,37052.05,306600.99
1775,8,2327451,42360.13,237269.12
1081,30,7971087,38500.00,1253582.82
1485,9,1995727,40572.24,177847.25
1775,8,2373619,42360.13,277586.35
1313,10,2345694,40599.91,336353.47
0,8,2084356,30416.80,79570.60
1314,16,4859324,39505.92,608064.56
873,8,2330281,39056.17,309188.38
873,70,31998432,36671.67,2481254.94
2496,8,299558,45240.67,353255.21
1687,22,6344483,42079.91,901788.92
1313,10,2345694,40599.91,442231.24
1716,12,2867649,41660.70,364375.64
173,17,4454497,35135.20,644852.73
173,17,4454497,35135.20,360302.70
1716,12,2835882,41660.70,347184.12
1081,30,7865950,38500.00,1027730.01
947,10,2754728,37052.05,212211.47
173,17,4454497,35135.20,471586.75
1932,8,2428098,43198.26,243041.51
1619,31,8392033,40504.04,1038641.57
878,8,1818937,40170.98,355196.95
1932,8,2226891,43198.26,325369.68
1314,16,4859324,39505.92,587134.98
624,53,15248681,35720.85,1871767.05
1687,22,6344483,42079.91,848655.01
2496,8,299558,45240.67,457378.91
1485,9,2187967,40572.24,221151.60
1292,8,1577058,39767.40,366079.95
873,70,31998432,36671.67,2228931.62
1900,8,1127154,43300.63,178156.80
1592,17,5499283,41855.59,483774.33
2246,8,547680,44260.60,226899.06
1313,10,2370894,40599.91,372320.28
0,8,1897677,30416.80,178047.69
1775,8,2373619,42360.13,268089.26
1657,25,6356307,41304.94,770671.26
1592,17,5188450,41855.59,611378.66
1687,22,6271554,42079.91,924485.65
1060,39,10185417,38638.99,1775602.98
1932,8,2428098,43198.26,168001.56
620,8,1039439,39131.75,273848.91
1657,25,6570072,41304.94,1513642.24
1592,17,5499283,41855.59,707639.39
0,8,1897677,30416.80,247884.76
1932,8,2428098,43198.26,358041.00
1485,9,2187967,40572.24,337064.70
624,53,15248681,35720.85,805765.26
620,8,1039439,39131.75,265375.87
1932,8,2428098,43198.26,235307.15
1485,9,1995727,40572.24,312236.26
1314,16,5070212,39505.92,550505.09
873,70,33040411,36671.67,1636088.43
1292,8,1454165,39767.40,306072.97
1791,8,455514,43002.92,473231.07
1592,17,5188450,41855.59,811750.97
620,8,996887,39131.75,277938.42
2496,8,333464,45240.67,290473.48
1687,22,6271554,42079.91,923869.84
1292,8,1454165,39767.40,320013.93
1314,16,4859324,39505.92,619023.57
1524,18,4537237,41779.83,581156.39
1687,22,6344483,42079.91,972574.02
173,17,4454497,35135.20,606893.39
0,8,1897677,30416.80,214656.79
1524,18,4537237,41779.83,701563.93
873,70,31998432,36671.67,2440583.37
1687,22,6271554,42079.91,1022209.21
873,8,2330281,39056.17,358409.65
878,8,1877982,40170.98,244800.50
1716,12,2867649,41660.70,312816.87
624,53,15700966,35720.85,1530701.24
1313,10,2345694,40599.91,382532.58
1657,25,6570072,41304.94,810872.00
1292,8,1577058,39767.40,302179.04
1314,16,4859324,39505.92,575585.05
1932,8,2226891,43198.26,361589.19
878,8,1818937,40170.98,398073.58
1292,8,1454165,39767.40,315777.04
1619,31,8392033,40504.04,1222428.19
2246,8,506724,44260.60,183159.60
1081,30,7971087,38500.00,838828.88
1081,30,7971087,38500.00,878646.30
1485,9,2187967,40572.24,506934.16
620,8,1039439,39131.75,415770.50
1081,30,7971087,38500.00,737260.21
0,8,2084356,30416.80,138481.54
173,17,4331733,35135.20,592560.48
624,53,15700966,35720.85,1842771.40
1314,16,5070212,39505.92,273314.56
1313,10,2370894,40599.91,465330.19
933,46,12408340,35388.11,1927135.93
878,8,1877982,40170.98,189759.21
1060,39,10393170,38638.99,1301043.12
1791,8,512110,43002.92,307085.56
1292,8,1454165,39767.40,313944.38
1524,18,4497336,41779.83,725812.99
1687,22,6271554,42079.91,774621.18
1060,39,10185417,38638.99,1339696.07
1313,10,2345694,40599.91,329519.13
1485,9,1995727,40572.24,254983.61
1524,18,4497336,41779.83,722867.88
173,17,4454497,35135.20,568185.32
624,53,15700966,35720.85,2183702.44
1775,8,2373619,42360.13,218330.75
1313,10,2370894,40599.91,357924.86
1313,10,2370894,40599.91,420611.42
1485,9,2187967,40572.24,214725.38
1716,12,2867649,41660.70,340132.63
1791,8,455514,43002.92,363313.89
1716,12,2835882,41660.70,367922.48
1313,10,2370894,40599.91,303326.06
947,10,2754728,37052.05,176430.46
624,53,15700966,35720.85,1717821.43
624,53,15248681,35720.85,1805367.51
1524,18,4497336,41779.83,747062.15
947,10,2754728,37052.05,208771.72
1657,25,6356307,41304.94,776098.15
947,10,2754728,37052.05,336846.58
1932,8,2226891,43198.26,177947.00
1932,8,2226891,43198.26,245050.29
878,8,1877982,40170.98,388871.61
624,53,15248681,35720.85,1916027.62
1687,22,6344483,42079.91,842801.42
1687,22,6271554,42079.91,709354.92
873,70,33040411,36671.67,2537331.49
1313,10,2370894,40599.91,257149.82
0,8,1897677,30416.80,198256.61
173,17,4454497,35135.20,391218.50
2246,8,547680,44260.60,502322.49
1592,17,5499283,41855.59,599402.53
1592,17,5188450,41855.59,772199.99
1314,16,4859324,39505.92,520540.05
173,17,4454497,35135.20,476655.22
1524,18,4497336,41779.83,712416.87
873,70,31998432,36671.67,2211183.09
933,46,12408340,35388.11,1094105.85
947,10,2754728,37052.05,463038.57
878,8,1818937,40170.98,304136.30
1900,8,1175733,43300.63,271899.09
1524,18,4537237,41779.83,603573.70
1716,12,2867649,41660.70,517200.68
873,70,33040411,36671.67,1522198.45
878,8,1877982,40170.98,275669.30
1775,8,2327451,42360.13,348901.39
1060,39,10393170,38638.99,1602169.20
1619,31,8354732,40504.04,854337.02
1485,9,1995727,40572.24,273259.58
1932,8,2226891,43198.26,375335.05
1592,17,5499283,41855.59,566321.61
1657,25,6570072,41304.94,825516.53
0,8,1897677,30416.80,235812.73
1657,25,6570072,41304.94,510807.88
1716,12,2867649,41660.70,380409.96
1313,10,2345694,40599.91,357337.35
1900,8,1127154,43300.63,286356.51
1775,8,2373619,42360.13,277574.28
624,53,15248681,35720.85,1792981.00
1060,39,10393170,38638.99,1108494.79
1932,8,2226891,43198.26,341980.66
1081,30,7971087,38500.00,903940.72
1932,8,2428098,43198.26,306675.48
1081,30,7865950,38500.00,1135313.05
1485,9,2187967,40572.24,266203.68
1687,22,6344483,42079.91,838967.57
1791,8,455514,43002.92,374172.22
620,8,996887,39131.75,266230.29
173,17,4331733,35135.20,441729.46
1791,8,455514,43002.92,326596.12
947,10,2653536,37052.05,242716.80
1314,16,4859324,39505.92,615676.76
1619,31,8392033,40504.04,1410449.23
1900,8,1127154,43300.63,212015.04
1292,8,1577058,39767.40,230604.16
1060,39,10185417,38638.99,1463369.37
1900,8,1127154,43300.63,290621.77
1657,25,6570072,41304.94,1151731.84
1687,22,6344483,42079.91,724532.93
2496,8,333464,45240.67,417643.61
624,53,15700966,35720.85,1514154.62
2246,8,547680,44260.60,349201.91
1592,17,5188450,41855.59,544601.50
1524,18,4537237,41779.83,562453.21
1292,8,1454165,39767.40,232933.92
2496,8,299558,45240.67,283861.40
1060,39,10393170,38638.99,1455169.77
1485,9,2187967,40572.24,274041.85
1619,31,8354732,40504.04,1102411.02
1716,12,2867649,41660.70,377213.06
1592,17,5499283,41855.59,232329.23
1619,31,8392033,40504.04,1358383.46
1687,22,6344483,42079.91,981610.52
0,8,1897677,30416.80,230489.26
2496,8,299558,45240.67,222967.91
1081,30,7971087,38500.00,621309.29
1592,17,5499283,41855.59,1398325.58
620,8,996887,39131.75,303045.40
1657,25,6356307,41304.94,1002463.68
1657,25,6356307,41304.94,951781.98
1657,25,6356307,41304.94,1232499.72
878,8,1818937,40170.98,254823.92
2246,8,506724,44260.60,357254.59
933,46,12141145,35388.11,1641628.96
1657,25,6356307,41304.94,850044.12
947,10,2754728,37052.05,292600.29
2246,8,506724,44260.60,301058.94
1592,17,5188450,41855.59,716495.29
1687,22,6344483,42079.91,625782.83
1775,8,2373619,42360.13,246743.98
1932,8,2428098,43198.26,262921.12
2496,8,299558,45240.67,362561.91
1716,12,2835882,41660.70,392111.55
1791,8,512110,43002.92,275139.13
873,70,33040411,36671.67,1370055.70
1313,10,2345694,40599.91,338870.60
933,46,12141145,35388.11,1583070.01
1292,8,1454165,39767.40,339625.36
1313,10,2345694,40599.91,416793.94
2246,8,547680,44260.60,338524.39
0,8,1897677,30416.80,277327.72
1775,8,2373619,42360.13,387239.05
1313,10,2345694,40599.91,364049.72
873,8,2189703,39056.17,309905.70
1900,8,1175733,43300.63,241307.52
1791,8,455514,43002.92,184758.51
1791,8,512110,43002.92,270557.00
873,70,31998432,36671.67,1558111.54
624,53,15248681,35720.85,1961222.27
933,46,12408340,35388.11,1442149.09
933,46,12141145,35388.11,1206366.55
624,53,15700966,35720.85,1811776.42
947,10,2754728,37052.05,377105.92
933,46,12141145,35388.11,1657561.55
1619,31,8354732,40504.04,1304674.86
1524,18,4537237,41779.83,588027.64
0,8,1897677,30416.80,215190.25
878,8,1877982,40170.98,211710.28
1791,8,512110,43002.92,336990.34
624,53,15700966,35720.85,1845410.29
1687,22,6271554,42079.91,718684.08
1657,25,6570072,41304.94,932380.44
1314,16,5070212,39505.92,246896.85
1900,8,1127154,43300.63,281096.48
873,70,33040411,36671.67,2022108.34
1313,10,2370894,40599.91,238045.43
1060,39,10393170,38638.99,1554938.58
1932,8,2226891,43198.26,210466.70
933,46,12408340,35388.11,1570162.85
624,53,15248681,35720.85,1633464.34
173,17,4331733,35135.20,398947.56
1775,8,2373619,42360.13,344548.56
1060,39,10185417,38638.99,1398470.99
173,17,4331733,35135.20,580289.65
1060,39,10393170,38638.99,1199571.13
1292,8,1454165,39767.40,317624.18
1313,10,2370894,40599.91,362228.94
947,10,2754728,37052.05,311747.99
0,8,2084356,30416.80,87740.76
873,70,31998432,36671.67,2066308.73
873,8,2189703,39056.17,325185.34
1791,8,455514,43002.92,363962.38
933,46,12141145,35388.11,1535781.63
1791,8,455514,43002.92,193486.04
620,8,1039439,39131.75,230965.63
624,53,15248681,35720.85,2187214.91
1687,22,6344483,42079.91,738173.24
1687,22,6271554,42079.91,522995.94
873,8,2330281,39056.17,248605.98
873,8,2189703,39056.17,178055.47
873,70,33040411,36671.67,2605728.15
873,70,31998432,36671.67,2846250.39
947,10,2653536,37052.05,371547.00
173,17,4331733,35135.20,848726.14
1314,16,4859324,39505.92,413848.05
1485,9,1995727,40572.24,300131.78
873,70,33040411,36671.67,1911102.74
1060,39,10185417,38638.99,1463462.50
1292,8,1454165,39767.40,345690.92
873,8,2189703,39056.17,244132.28
1775,8,2327451,42360.13,323384.95
620,8,996887,39131.75,299022.68
873,70,33040411,36671.67,2677725.90
1900,8,1127154,43300.63,345008.66
2246,8,506724,44260.60,342793.85
620,8,1039439,39131.75,231861.21
873,70,31998432,36671.67,2482561.01
624,53,15248681,35720.85,1737681.50
878,8,1877982,40170.98,268776.60
1687,22,6344483,42079.91,619414.68
620,8,996887,39131.75,219557.19
2246,8,547680,44260.60,252301.28
1791,8,512110,43002.92,282809.36
173,17,4454497,35135.20,595790.86
873,8,2189703,39056.17,269810.57
947,10,2754728,37052.05,279147.72
878,8,1877982,40170.98,240806.50
1060,39,10185417,38638.99,1360258.01
2246,8,547680,44260.60,420123.70
1292,8,1454165,39767.40,261984.83
1081,30,7971087,38500.00,1281182.76
1060,39,10393170,38638.99,1393070.89
2496,8,333464,45240.67,359118.48
620,8,996887,39131.75,174487.14
1485,9,1995727,40572.24,93418.09
1524,18,4537237,41779.83,370746.49
1932,8,2428098,43198.26,377595.51
1657,25,6356307,41304.94,774128.02
1060,39,10185417,38638.99,1402600.09
1900,8,1127154,43300.63,282608.68
1524,18,4537237,41779.83,862400.09
1060,39,10393170,38638.99,1242718.53
1292,8,1454165,39767.40,295420.27
878,8,1877982,40170.98,320694.13
1292,8,1577058,39767.40,301310.44
1900,8,1175733,43300.63,241856.53
624,53,15700966,35720.85,1626858.90
1313,10,2370894,40599.91,350314.32
1716,12,2867649,41660.70,498743.98
1314,16,4859324,39505.92,531896.73
1592,17,5188450,41855.59,561268.64
1687,22,6344483,42079.91,580974.55
1081,30,7865950,38500.00,969754.41
1313,10,2370894,40599.91,425184.51
1657,25,6356307,41304.94,847539.81
620,8,1039439,39131.75,325229.44
878,8,1818937,40170.98,275821.56
947,10,2653536,37052.05,353801.87
1932,8,2428098,43198.26,361005.23
873,8,2189703,39056.17,416082.22
873,70,33040411,36671.67,2988443.38
873,70,31998432,36671.67,1608874.43
1060,39,10185417,38638.99,1314471.30
878,8,1877982,40170.98,160663.10
1060,39,10393170,38638.99,1414115.35
873,70,31998432,36671.67,2299963.91
1524,18,4537237,41779.83,805395.01
0,8,1897677,30416.80,241673.61
1775,8,2327451,42360.13,316589.15
1060,39,10393170,38638.99,1131389.07
2496,8,299558,45240.67,411264.89
1716,12,2867649,41660.70,391302.42
1932,8,2226891,43198.26,248329.04
1687,22,6344483,42079.91,701436.60
1932,8,2428098,43198.26,246359.09
878,8,1818937,40170.98,235618.96
2496,8,333464,45240.67,376952.56
1932,8,2428098,43198.26,539364.94
1314,16,5070212,39505.92,422203.76
2496,8,299558,45240.67,308482.66
0,8,1897677,30416.80,159240.50
1060,39,10185417,38638.99,1141467.65
1081,30,7971087,38500.00,1111504.77
1081,30,7865950,38500.00,975576.09
173,17,4331733,35135.20,503104.55
1292,8,1454165,39767.40,240790.27
1524,18,4537237,41779.83,707723.23
2496,8,333464,45240.67,315575.08
624,53,15248681,35720.85,1941507.85
1791,8,512110,43002.92,333715.89
1900,8,1175733,43300.63,125598.25
947,10,2653536,37052.05,323957.37
1592,17,5188450,41855.59,387727.27
620,8,1039439,39131.75,249581.41
1775,8,2327451,42360.13,398115.30
873,8,2330281,39056.17,220257.79
1485,9,2187967,40572.24,317226.60
1687,22,6271554,42079.91,725261.93
1081,30,7865950,38500.00,1088554.96
1314,16,4859324,39505.92,427194.11
173,17,4331733,35135.20,517520.90
2246,8,506724,44260.60,323373.25
1619,31,8392033,40504.04,839164.23
1081,30,7865950,38500.00,1390902.01
1592,17,5499283,41855.59,1007498.75
1791,8,512110,43002.92,339750.85
878,8,1818937,40170.98,315476.95
933,46,12408340,35388.11,1745871.29
0,8,1897677,30416.80,123398.48
1485,9,1995727,40572.24,309665.18
873,8,2330281,39056.17,267854.71
873,8,2189703,39056.17,309406.84
933,46,12141145,35388.11,1542300.38
1081,30,7865950,38500.00,1058711.42
933,46,12408340,35388.11,1191309.67
1619,31,8354732,40504.04,689736.63
1657,25,6570072,41304.94,782899.89
1900,8,1175733,43300.63,285875.71
173,17,4454497,35135.20,405251.60
1775,8,2373619,42360.13,189230.10
1657,25,6570072,41304.94,462859.31
1485,9,1995727,40572.24,337917.61
1314,16,4859324,39505.92,537517.58
933,46,12141145,35388.11,1028523.19
0,8,1897677,30416.80,243907.30
1524,18,4537237,41779.83,946748.78
1657,25,6356307,41304.94,932197.98
1791,8,455514,43002.92,306299.87
1081,30,7865950,38500.00,602188.28
0,8,1897677,30416.80,237006.93
1657,25,6356307,41304.94,946337.96
2246,8,547680,44260.60,248567.18
1657,25,6570072,41304.94,674618.57
2496,8,333464,45240.67,198060.39
1060,39,10185417,38638.99,1406230.08
1060,39,10185417,38638.99,1436381.37
173,17,4454497,35135.20,423688.82
1081,30,7971087,38500.00,1126645.76
1485,9,2187967,40572.24,384977.42
1314,16,5070212,39505.92,245131.44
173,17,4454497,35135.20,616015.91
873,70,33040411,36671.67,2085271.24
873,70,31998432,36671.67,2293719.15
1687,22,6344483,42079.91,1046827.47
1775,8,2373619,42360.13,266300.14
873,8,2189703,39056.17,333907.78
620,8,996887,39131.75,292748.59
1716,12,2867649,41660.70,522196.23
1791,8,455514,43002.92,307859.27
1081,30,7865950,38500.00,1518081.12
1687,22,6271554,42079.91,951559.36
873,8,2189703,39056.17,321034.96
1524,18,4497336,41779.83,395758.93
2246,8,547680,44260.60,332214.01
873,8,2330281,39056.17,101765.74
1619,31,8354732,40504.04,675001.19
1775,8,2373619,42360.13,351073.56
1775,8,2327451,42360.13,426371.21
1716,12,2867649,41660.70,535709.95
1592,17,5499283,41855.59,583139.87
1485,9,1995727,40572.24,338238.25
1292,8,1577058,39767.40,413763.05
933,46,12408340,35388.11,1442278.38
1592,17,5188450,41855.59,795059.85
624,53,15700966,35720.85,900095.79
624,53,15248681,35720.85,1305044.28
1687,22,6344483,42079.91,1313089.48
873,8,2189703,39056.17,332776.02
2496,8,333464,45240.67,210627.08
1314,16,5070212,39505.92,541709.97
1060,39,10393170,38638.99,1733965.53
1592,17,5499283,41855.59,767889.56
947,10,2754728,37052.05,309161.97
1900,8,1127154,43300.63,442901.14
1687,22,6271554,42079.91,747053.02
947,10,2754728,37052.05,324709.15
1791,8,512110,43002.92,329014.66
947,10,2653536,37052.05,255717.57
1932,8,2428098,43198.26,418946.91
1932,8,2428098,43198.26,357052.77
1619,31,8354732,40504.04,1108243.66
1687,22,6271554,42079.91,1071566.21
0,8,2084356,30416.80,161224.85
878,8,1877982,40170.98,290450.69
1932,8,2226891,43198.26,377889.39
1485,9,2187967,40572.24,400969.46
1592,17,5499283,41855.59,629913.18
1619,31,8354732,40504.04,1248453.81
624,53,15700966,35720.85,2054910.02
1932,8,2428098,43198.26,337046.14
0,8,2084356,30416.80,131961.92
1060,39,10393170,38638.99,1590948.52
1592,17,5499283,41855.59,320915.09
2246,8,506724,44260.60,195768.63
1775,8,2327451,42360.13,372674.92
1592,17,5188450,41855.59,257352.73
1081,30,7971087,38500.00,1015305.10
1524,18,4497336,41779.83,628036.30
1716,12,2835882,41660.70,459364.06
1313,10,2370894,40599.91,406531.30
2246,8,547680,44260.60,317246.84
1619,31,8354732,40504.04,1053179.44
1619,31,8354732,40504.04,1015616.23
2496,8,333464,45240.67,344338.49
1775,8,2327451,42360.13,302691.18
2246,8,506724,44260.60,259966.52
1485,9,2187967,40572.24,378259.21
1292,8,1577058,39767.40,383350.76
873,70,33040411,36671.67,1947188.44
173,17,4331733,35135.20,582735.51
947,10,2754728,37052.05,329992.50
2246,8,506724,44260.60,276128.59
1081,30,7865950,38500.00,1052882.64
1687,22,6271554,42079.91,939785.28
1619,31,8392033,40504.04,1217921.82
1592,17,5499283,41855.59,796616.20
1485,9,1995727,40572.24,344701.83
1485,9,1995727,40572.24,295529.09
1619,31,8392033,40504.04,1330960.58
1314,16,4859324,39505.92,543999.01
873,8,2330281,39056.17,416252.40
1619,31,8392033,40504.04,1017887.62
1524,18,4537237,41779.83,706347.03
173,17,4454497,35135.20,503989.55
2496,8,333464,45240.67,269313.81
878,8,1877982,40170.98,194405.17
173,17,4331733,35135.20,489886.61
1687,22,6344483,42079.91,721069.80
624,53,15700966,35720.85,1613573.29
1775,8,2373619,42360.13,320686.99
624,53,15700966,35720.85,1863836.42
947,10,2754728,37052.05,258907.16
1619,31,8354732,40504.04,1477319.35
1932,8,2226891,43198.26,399015.97
624,53,15700966,35720.85,1979055.33
1292,8,1454165,39767.40,278336.12
2246,8,506724,44260.60,320263.54
624,53,15248681,35720.85,2260898.57
1485,9,1995727,40572.24,306010.12
1081,30,7971087,38500.00,1428548.13
1524,18,4537237,41779.83,946176.93
1313,10,2345694,40599.91,351921.57
1716,12,2867649,41660.70,467780.12
1619,31,8354732,40504.04,1233769.52
0,8,2084356,30416.80,149089.01
1081,30,7865950,38500.00,1165304.34
933,46,12141145,35388.11,1712565.48
1791,8,455514,43002.92,324465.89
1900,8,1175733,43300.63,233791.29
1900,8,1175733,43300.63,223301.18
1524,18,4537237,41779.83,593562.56
1716,12,2835882,41660.70,337632.06
620,8,1039439,39131.75,273124.98
1592,17,5499283,41855.59,627491.75
2246,8,547680,44260.60,351815.50
1314,16,5070212,39505.92,325401.24
1314,16,5070212,39505.92,468724.77
1775,8,2327451,42360.13,227446.87
873,8,2189703,39056.17,359492.06
173,17,4454497,35135.20,551610.99
2496,8,333464,45240.67,655896.68
624,53,15700966,35720.85,2171567.67
1292,8,1454165,39767.40,213775.12
947,10,2754728,37052.05,398194.38
1060,39,10393170,38638.99,1647500.35
1775,8,2327451,42360.13,233380.36
1687,22,6344483,42079.91,979011.23
1932,8,2428098,43198.26,174258.87
1314,16,5070212,39505.92,569213.53
173,17,4454497,35135.20,621453.65
2496,8,333464,45240.67,374027.71
933,46,12408340,35388.11,1763518.94
947,10,2653536,37052.05,364976.18
1060,39,10185417,38638.99,1404300.60
1657,25,6570072,41304.94,994769.60
1687,22,6344483,42079.91,1202603.04
1313,10,2345694,40599.91,418583.87
0,8,2084356,30416.80,299691.08
1775,8,2327451,42360.13,242080.87
2496,8,299558,45240.67,270195.76
1313,10,2345694,40599.91,399088.86
1932,8,2428098,43198.26,293436.86
0,8,1897677,30416.80,142168.71
1791,8,455514,43002.92,256660.00
2496,8,299558,45240.67,331149.31
947,10,2653536,37052.05,425581.17
873,70,31998432,36671.67,2173984.93
0,8,1897677,30416.80,304170.55
1592,17,5499283,41855.59,678615.22
1313,10,2345694,40599.91,359630.51
1292,8,1577058,39767.40,334244.81
1716,12,2835882,41660.70,470370.65
1060,39,10393170,38638.99,1826295.85
1657,25,6356307,41304.94,950531.73
1716,12,2867649,41660.70,554419.95
1314,16,5070212,39505.92,470664.29
1687,22,6271554,42079.91,872074.43
1932,8,2428098,43198.26,289347.22
1619,31,8392033,40504.04,1291291.69
1716,12,2867649,41660.70,461764.07
1900,8,1127154,43300.63,414434.90
1619,31,8392033,40504.04,1060992.31
0,8,2084356,30416.80,139566.27
947,10,2653536,37052.05,305020.35
1292,8,1454165,39767.40,275232.62
1791,8,512110,43002.92,205308.18
1292,8,1454165,39767.40,178542.21
1716,12,2835882,41660.70,379027.90
1687,22,6344483,42079.91,1014173.65
1687,22,6271554,42079.91,890722.74
1485,9,2187967,40572.24,296503.85
624,53,15700966,35720.85,1468533.42
2496,8,299558,45240.67,452575.98
1657,25,6570072,41304.94,876689.28
0,8,2084356,30416.80,165451.56
1791,8,512110,43002.92,368765.38
933,46,12408340,35388.11,1429557.06
173,17,4454497,35135.20,437389.17
1716,12,2835882,41660.70,496957.84
1485,9,2187967,40572.24,352662.61
1687,22,6344483,42079.91,671393.21
1619,31,8392033,40504.04,1223081.71
1592,17,5499283,41855.59,752498.66
1292,8,1577058,39767.40,314962.04
878,8,1818937,40170.98,342509.91
2246,8,506724,44260.60,447126.98
1081,30,7971087,38500.00,1108204.73
1687,22,6344483,42079.91,1088143.92
1791,8,512110,43002.92,389470.77
933,46,12141145,35388.11,1986793.52
1292,8,1577058,39767.40,184522.47
1081,30,7971087,38500.00,683862.76
1791,8,512110,43002.92,279448.21
933,46,12408340,35388.11,1134028.34
624,53,15248681,35720.85,1759034.08
1060,39,10393170,38638.99,1134350.04
2246,8,506724,44260.60,372493.90
1485,9,1995727,40572.24,376769.40
1313,10,2370894,40599.91,222292.27
1592,17,5499283,41855.59,864145.52
1292,8,1454165,39767.40,301640.96
1791,8,512110,43002.92,362479.75
620,8,1039439,39131.75,354336.70
0,8,2084356,30416.80,235700.32
173,17,4331733,35135.20,553365.56
873,70,31998432,36671.67,2186088.39
624,53,15700966,35720.85,2044730.63
1485,9,1995727,40572.24,305080.36
1619,31,8354732,40504.04,837133.53
878,8,1818937,40170.98,344795.79
173,17,4331733,35135.20,552230.15
1081,30,7865950,38500.00,845874.20
1775,8,2327451,42360.13,325570.85
1485,9,1995727,40572.24,201128.33
1314,16,5070212,39505.92,463767.71
624,53,15700966,35720.85,1273013.18
878,8,1818937,40170.98,187973.94
0,8,2084356,30416.80,105318.90
873,8,2189703,39056.17,214807.11
173,17,4331733,35135.20,468202.84
947,10,2754728,37052.05,219108.32
1081,30,7865950,38500.00,943083.67
873,8,2189703,39056.17,324005.86
0,8,1897677,30416.80,203280.58
873,70,31998432,36671.67,2561712.23
0,8,2084356,30416.80,120488.46
873,8,2189703,39056.17,309979.89
1485,9,1995727,40572.24,326499.18
1592,17,5188450,41855.59,736034.15
1292,8,1577058,39767.40,198346.60
1081,30,7971087,38500.00,1034656.20
933,46,12141145,35388.11,1526132.90
1657,25,6570072,41304.94,913349.72
878,8,1877982,40170.98,211894.44
2496,8,333464,45240.67,302806.61
620,8,1039439,39131.75,236579.09
873,70,31998432,36671.67,2380591.52
873,8,2330281,39056.17,301668.94
947,10,2653536,37052.05,402835.94
1657,25,6570072,41304.94,469540.78
2246,8,547680,44260.60,481608.22
1657,25,6356307,41304.94,1076313.90
1524,18,4497336,41779.83,526022.00
873,70,33040411,36671.67,2099449.38
1716,12,2835882,41660.70,481609.14
1619,31,8392033,40504.04,1269599.96
1081,30,7865950,38500.00,1153783.05
2496,8,299558,45240.67,309828.47
1932,8,2226891,43198.26,254705.84
1619,31,8392033,40504.04,1241494.63
1657,25,6570072,41304.94,852609.11
2246,8,547680,44260.60,316353.38
620,8,996887,39131.75,314622.17
1314,16,5070212,39505.92,354183.37
947,10,2754728,37052.05,244815.46
1524,18,4497336,41779.83,791212.31
1060,39,10185417,38638.99,1107479.90
0,8,2084356,30416.80,159262.41
1313,10,2370894,40599.91,326031.85
1314,16,4859324,39505.92,637725.86
173,17,4331733,35135.20,559475.11
947,10,2754728,37052.05,241698.21
0,8,2084356,30416.80,134594.25
1900,8,1127154,43300.63,306779.83
1060,39,10185417,38638.99,1266865.51
947,10,2653536,37052.05,248393.89
1619,31,8392033,40504.04,878034.79
1791,8,512110,43002.92,397116.04
1485,9,1995727,40572.24,331651.38
1524,18,4537237,41779.83,706473.30
947,10,2653536,37052.05,230171.35
0,8,2084356,30416.80,110640.09
1657,25,6356307,41304.94,1016254.18
1524,18,4537237,41779.83,634947.17
2246,8,547680,44260.60,179584.34
2246,8,506724,44260.60,485406.86
1313,10,2345694,40599.91,404955.64
1592,17,5499283,41855.59,746229.95
1314,16,4859324,39505.92,583101.15
1775,8,2373619,42360.13,467802.25
873,70,33040411,36671.67,1994071.36
1314,16,4859324,39505.92,541449.25
1657,25,6570072,41304.94,819950.38
624,53,15700966,35720.85,1391498.36
0,8,1897677,30416.80,161002.10
933,46,12408340,35388.11,1492061.33
873,8,2330281,39056.17,235935.76
1791,8,512110,43002.92,371160.03
1081,30,7971087,38500.00,1112982.20
1485,9,1995727,40572.24,281821.03
1313,10,2370894,40599.91,357506.31
624,53,15248681,35720.85,2098614.36
1060,39,10185417,38638.99,1386247.08
933,46,12141145,35388.11,1564268.14
2496,8,333464,45240.67,215862.67
1485,9,2187967,40572.24,454370.57
873,70,33040411,36671.67,1475105.11
1687,22,6271554,42079.91,943337.23
0,8,1897677,30416.80,198322.50
1687,22,6344483,42079.91,608779.80
1900,8,1127154,43300.63,401066.08
933,46,12408340,35388.11,1277422.95
873,8,2189703,39056.17,251437.65
620,8,1039439,39131.75,236518.45
1687,22,6344483,42079.91,839699.68
1900,8,1127154,43300.63,391843.68
1716,12,2835882,41660.70,532341.15
1313,10,2370894,40599.91,337644.33
1932,8,2428098,43198.26,472023.50
947,10,2754728,37052.05,283402.24
620,8,1039439,39131.75,213083.89
947,10,2754728,37052.05,401096.52
620,8,1039439,39131.75,288147.38
1657,25,6570072,41304.94,840018.39
0,8,2084356,30416.80,214533.09
1687,22,6344483,42079.91,640688.49
2246,8,547680,44260.60,358236.06
1314,16,4859324,39505.92,525909.73
878,8,1877982,40170.98,273693.78
173,17,4331733,35135.20,613942.92
947,10,2653536,37052.05,473346.27
878,8,1818937,40170.98,375743.27
1314,16,4859324,39505.92,603548.94
1060,39,10185417,38638.99,1606803.43
173,17,4454497,35135.20,526775.56
1657,25,6356307,41304.94,1069074.40
1081,30,7865950,38500.00,1302026.78
1900,8,1175733,43300.63,264265.42
1313,10,2345694,40599.91,363487.10
1716,12,2835882,41660.70,357602.24
947,10,2754728,37052.05,386870.05
947,10,2754728,37052.05,459625.65
947,10,2754728,37052.05,454123.22
1081,30,7971087,38500.00,949982.72
1592,17,5499283,41855.59,315388.07
1485,9,1995727,40572.24,279579.27
624,53,15248681,35720.85,1738133.00
1314,16,5070212,39505.92,345821.86
1932,8,2226891,43198.26,382609.45
873,8,2330281,39056.17,273696.41
620,8,996887,39131.75,259545.02
1081,30,7971087,38500.00,936726.71
878,8,1818937,40170.98,374710.77
933,46,12408340,35388.11,1768116.76
1775,8,2373619,42360.13,346044.14
873,8,2189703,39056.17,232181.40
620,8,996887,39131.75,362750.90
947,10,2754728,37052.05,313379.92
1060,39,10393170,38638.99,1474172.47
878,8,1818937,40170.98,330531.13
1900,8,1175733,43300.63,336014.72
1314,16,5070212,39505.92,471550.44
1592,17,5499283,41855.59,556366.88
0,8,1897677,30416.80,151338.07
1485,9,2187967,40572.24,466684.35
1292,8,1454165,39767.40,293798.68
1081,30,7865950,38500.00,981683.21
2246,8,547680,44260.60,312214.48
1292,8,1454165,39767.40,253337.08
1081,30,7865950,38500.00,1150808.68
1524,18,4497336,41779.83,785282.00
1485,9,2187967,40572.24,230908.76
1900,8,1175733,43300.63,204836.84
1900,8,1175733,43300.63,332461.97
1716,12,2835882,41660.70,385733.26
1657,25,6570072,41304.94,773967.54
1592,17,5188450,41855.59,980189.39
1619,31,8354732,40504.04,1035632.53
1775,8,2373619,42360.13,182542.84
1314,16,4859324,39505.92,635390.28
2246,8,547680,44260.60,344386.62
878,8,1818937,40170.98,269971.43
1657,25,6570072,41304.94,646819.81
1900,8,1127154,43300.63,344704.84
1619,31,8354732,40504.04,998014.01
620,8,1039439,39131.75,211444.74
1687,22,6344483,42079.91,788558.86
2246,8,547680,44260.60,384479.17
873,8,2330281,39056.17,349206.58
1716,12,2835882,41660.70,521424.75
873,8,2330281,39056.17,264037.69
0,8,1897677,30416.80,228538.01
1687,22,6271554,42079.91,654227.67
1932,8,2226891,43198.26,361789.89
620,8,996887,39131.75,195477.95
0,8,2084356,30416.80,182500.82
1485,9,2187967,40572.24,199203.82
878,8,1877982,40170.98,133961.11
2246,8,547680,44260.60,341181.16
1314,16,4859324,39505.92,603433.89
624,53,15700966,35720.85,1194086.05
1485,9,2187967,40572.24,332265.27
624,53,15700966,35720.85,1169212.70
1687,22,6344483,42079.91,579159.23
933,46,12141145,35388.11,1338731.08
1485,9,2187967,40572.24,268565.09
2246,8,506724,44260.60,231865.46
873,8,2330281,39056.17,267023.19
0,8,1897677,30416.80,195543.89
1524,18,4537237,41779.83,712973.85
1791,8,455514,43002.92,360059.91
1314,16,4859324,39505.92,506307.42
1524,18,4497336,41779.83,657434.83
1314,16,4859324,39505.92,353116.98
620,8,1039439,39131.75,233426.20
620,8,996887,39131.75,264672.18
1716,12,2835882,41660.70,488343.56
620,8,1039439,39131.75,324317.20
173,17,4331733,35135.20,520932.04
1932,8,2428098,43198.26,208589.79
1060,39,10185417,38638.99,1547018.10
933,46,12408340,35388.11,1501847.54
1791,8,455514,43002.92,332444.45
1775,8,2373619,42360.13,339147.62
1313,10,2345694,40599.91,345632.14
1313,10,2345694,40599.91,398266.27
1485,9,1995727,40572.24,289398.23
1314,16,4859324,39505.92,301045.36
1791,8,455514,43002.92,368863.92
1716,12,2835882,41660.70,474817.97
1313,10,2370894,40599.91,405508.06
1900,8,1127154,43300.63,362814.47
878,8,1877982,40170.98,179152.50
1775,8,2373619,42360.13,320445.54
1060,39,10393170,38638.99,1267959.01
1081,30,7865950,38500.00,1038034.21
947,10,2754728,37052.05,278927.65
873,70,31998432,36671.67,2042188.45
878,8,1818937,40170.98,216151.02
873,8,2189703,39056.17,238827.38
1060,39,10393170,38638.99,1709291.29
873,70,33040411,36671.67,1652332.78
878,8,1818937,40170.98,323691.65
873,8,2189703,39056.17,256779.13
1314,16,5070212,39505.92,476544.95
1619,31,8354732,40504.04,1169662.68
1592,17,5188450,41855.59,837411.93
1292,8,1577058,39767.40,328636.50
2496,8,299558,45240.67,132328.66
1716,12,2867649,41660.70,508824.81
1060,39,10393170,38638.99,1328287.39
1657,25,6356307,41304.94,898787.37
1657,25,6356307,41304.94,1109940.93
1932,8,2428098,43198.26,208834.81
873,70,31998432,36671.67,2077897.94
1292,8,1577058,39767.40,271863.64
878,8,1818937,40170.98,309440.88
1900,8,1127154,43300.63,379922.45
1060,39,10185417,38638.99,1510912.66
1314,16,4859324,39505.92,515120.14
1060,39,10185417,38638.99,1535833.58
873,70,33040411,36671.67,2232952.05
1716,12,2835882,41660.70,464586.66
1687,22,6344483,42079.91,1071364.53
1716,12,2835882,41660.70,434264.05
620,8,1039439,39131.75,347961.76
1313,10,2345694,40599.91,205894.92
1657,25,6356307,41304.94,832570.84
1687,22,6344483,42079.91,826422.62
1313,10,2345694,40599.91,472395.17
2246,8,547680,44260.60,397509.48
2496,8,299558,45240.67,426183.04
1657,25,6356307,41304.94,909298.23
1657,25,6356307,41304.94,1090340.38
1687,22,6344483,42079.91,847008.77
1313,10,2345694,40599.91,404451.42
1292,8,1577058,39767.40,235405.41
624,53,15700966,35720.85,1016073.15
624,53,15248681,35720.85,1799374.47
1791,8,455514,43002.92,356066.33
1485,9,1995727,40572.24,257434.26
1932,8,2226891,43198.26,225973.06
1314,16,5070212,39505.92,524852.75
933,46,12408340,35388.11,1817337.12
1081,30,7865950,38500.00,1094308.54
0,8,2084356,30416.80,152117.76
1775,8,2327451,42360.13,284920.62
173,17,4454497,35135.20,482125.17
173,17,4331733,35135.20,645161.65
1592,17,5499283,41855.59,524050.19
947,10,2754728,37052.05,301988.03
2496,8,333464,45240.67,378743.28
1081,30,7971087,38500.00,734824.84
1060,39,10185417,38638.99,1575796.81
2496,8,333464,45240.67,337392.05
1932,8,2428098,43198.26,283601.65
933,46,12141145,35388.11,1607415.88
1619,31,8354732,40504.04,1214159.56
1314,16,5070212,39505.92,497249.09
1775,8,2327451,42360.13,335691.26
1313,10,2345694,40599.91,485061.15
0,8,2084356,30416.80,145746.06
1687,22,6344483,42079.91,497731.97
1716,12,2867649,41660.70,527512.50
1060,39,10185417,38638.99,1446993.77
1716,12,2835882,41660.70,662654.53
873,8,2330281,39056.17,292449.69
1060,39,10393170,38638.99,2422095.12
873,8,2189703,39056.17,177401.34
1485,9,1995727,40572.24,320574.83
1900,8,1175733,43300.63,182574.72
1791,8,455514,43002.92,442009.13
620,8,996887,39131.75,644300.02
0,8,2084356,30416.80,103100.84
1081,30,7971087,38500.00,969731.41
1657,25,6570072,41304.94,881655.42
620,8,1039439,39131.75,258847.07
1524,18,4537237,41779.83,836031.72
1775,8,2373619,42360.13,236061.89
933,46,12408340,35388.11,1331979.42
620,8,996887,39131.75,326580.96
1060,39,10185417,38638.99,1267296.96
1657,25,6570072,41304.94,1031495.13
1791,8,455514,43002.92,226368.22
1592,17,5188450,41855.59,509259.73
1687,22,6271554,42079.91,869181.09
1292,8,1454165,39767.40,331145.41
1657,25,6356307,41304.94,708974.91
1775,8,2327451,42360.13,345929.92
620,8,996887,39131.75,230116.64
1485,9,2187967,40572.24,484123.12
947,10,2653536,37052.05,263637.05
2246,8,547680,44260.60,290230.26
1657,25,6356307,41304.94,925522.92
1716,12,2867649,41660.70,311205.15
173,17,4331733,35135.20,199651.68
1313,10,2370894,40599.91,496686.07
1485,9,1995727,40572.24,309946.51
2246,8,506724,44260.60,130411.93
1775,8,2373619,42360.13,396865.08
1524,18,4537237,41779.83,744238.42
1716,12,2835882,41660.70,499701.82
620,8,1039439,39131.75,239030.33
873,8,2189703,39056.17,332709.21
1657,25,6356307,41304.94,1040649.30
1716,12,2835882,41660.70,477774.04
2246,8,506724,44260.60,383549.25
1292,8,1577058,39767.40,274418.91
2496,8,299558,45240.67,512972.57
1313,10,2370894,40599.91,322177.29
1900,8,1175733,43300.63,259745.77
1060,39,10185417,38638.99,1269954.51
1791,8,455514,43002.92,185954.14
1592,17,5188450,41855.59,752865.76
933,46,12141145,35388.11,1660965.44
1619,31,8392033,40504.04,1108298.60
0,8,1897677,30416.80,240245.22
2246,8,547680,44260.60,378837.03
878,8,1818937,40170.98,295823.72
1657,25,6570072,41304.94,607086.86
1485,9,2187967,40572.24,411047.05
873,8,2189703,39056.17,301515.50
0,8,1897677,30416.80,148758.05
1687,22,6344483,42079.91,751858.94
1687,22,6271554,42079.91,748936.07
873,70,33040411,36671.67,2275081.58
1657,25,6570072,41304.94,974938.85
2496,8,333464,45240.67,321967.00
1687,22,6271554,42079.91,930642.82
2496,8,299558,45240.67,313130.34
1314,16,5070212,39505.92,507862.60
1292,8,1577058,39767.40,230884.42
624,53,15700966,35720.85,1644537.17
1619,31,8354732,40504.04,486480.37
1081,30,7971087,38500.00,1143611.54
1900,8,1175733,43300.63,173400.43
1716,12,2867649,41660.70,520368.89
1619,31,8354732,40504.04,995061.19
1592,17,5499283,41855.59,711197.88
2246,8,547680,44260.60,290918.30
1485,9,1995727,40572.24,237029.00
1932,8,2226891,43198.26,269906.79
1900,8,1175733,43300.63,235801.46
2246,8,506724,44260.60,383583.10
947,10,2653536,37052.05,338915.56
0,8,2084356,30416.80,211618.05
1592,17,5188450,41855.59,768089.28
1292,8,1454165,39767.40,267560.51
620,8,996887,39131.75,287206.92
1791,8,512110,43002.92,386251.59
1060,39,10185417,38638.99,1944724.97
2246,8,506724,44260.60,321703.13
873,8,2330281,39056.17,180185.92
2496,8,333464,45240.67,264302.70
1060,39,10185417,38638.99,1264822.99
873,8,2330281,39056.17,201761.44
1900,8,1175733,43300.63,178407.63
620,8,1039439,39131.75,266651.15
173,17,4454497,35135.20,605807.34
624,53,15700966,35720.85,1030825.23
878,8,1877982,40170.98,211344.94
1292,8,1454165,39767.40,565667.12
873,8,2330281,39056.17,171977.31
173,17,4454497,35135.20,477753.51
1687,22,6344483,42079.91,487328.11
873,8,2189703,39056.17,384528.08
947,10,2653536,37052.05,583098.42
1314,16,5070212,39505.92,246567.64
0,8,1897677,30416.80,205023.78
1900,8,1127154,43300.63,303788.10
0,8,2084356,30416.80,135808.25
1716,12,2867649,41660.70,500412.94
873,8,2189703,39056.17,267009.46
873,8,2330281,39056.17,273577.65
1900,8,1127154,43300.63,285170.66
620,8,996887,39131.75,176673.88
873,70,31998432,36671.67,2506790.30
2246,8,547680,44260.60,390045.44
1791,8,455514,43002.92,325864.88
1900,8,1175733,43300.63,293155.84
173,17,4454497,35135.20,403769.37
1313,10,2345694,40599.91,385756.64
1485,9,2187967,40572.24,291629.48
2246,8,506724,44260.60,411210.41
1313,10,2370894,40599.91,419367.09
873,70,33040411,36671.67,2208796.68
1592,17,5499283,41855.59,592032.05
1657,25,6356307,41304.94,775140.36
873,8,2189703,39056.17,233889.07
873,70,31998432,36671.67,2168821.16
1060,39,10185417,38638.99,1137672.48
0,8,2084356,30416.80,161868.92
1716,12,2835882,41660.70,446686.19
1081,30,7865950,38500.00,974043.34
173,17,4454497,35135.20,485838.90
933,46,12408340,35388.11,1380612.01
1716,12,2867649,41660.70,666134.32
1900,8,1175733,43300.63,31908.09
1900,8,1175733,43300.63,298299.37
1314,16,5070212,39505.92,318737.11
878,8,1818937,40170.98,345701.23
1900,8,1127154,43300.63,343224.77
1775,8,2327451,42360.13,267775.79
1081,30,7971087,38500.00,1047698.88
1791,8,512110,43002.92,328416.68
624,53,15700966,35720.85,1450401.44
2496,8,299558,45240.67,357170.67
1524,18,4497336,41779.83,822899.19
873,70,33040411,36671.67,2413845.20
878,8,1877982,40170.98,291046.87
624,53,15248681,35720.85,1343348.00
1791,8,512110,43002.92,383860.85
1775,8,2327451,42360.13,341991.58
1592,17,5188450,41855.59,644504.94
1592,17,5188450,41855.59,747190.18
2496,8,299558,45240.67,587953.84
1313,10,2370894,40599.91,426565.05
1619,31,8354732,40504.04,1300393.85
1292,8,1577058,39767.40,280900.62
1900,8,1175733,43300.63,197093.10
2496,8,299558,45240.67,237123.05
620,8,996887,39131.75,274026.43
0,8,2084356,30416.80,142267.16
2246,8,547680,44260.60,420638.79
1314,16,5070212,39505.92,505545.90
1060,39,10393170,38638.99,1042185.07
1900,8,1175733,43300.63,439766.06
873,8,2189703,39056.17,354514.47
873,8,2189703,39056.17,346177.89
1592,17,5188450,41855.59,619910.82
1592,17,5499283,41855.59,490660.91
1524,18,4537237,41779.83,737135.81
1687,22,6271554,42079.91,962199.79
1932,8,2226891,43198.26,259619.43
1716,12,2867649,41660.70,526230.36
624,53,15700966,35720.85,1778796.81
1900,8,1175733,43300.63,252280.54
873,8,2330281,39056.17,327511.14
2246,8,547680,44260.60,189171.02
0,8,1897677,30416.80,202579.23
1900,8,1127154,43300.63,334758.01
624,53,15700966,35720.85,1595486.36
947,10,2754728,37052.05,245543.36
2496,8,299558,45240.67,352932.22
1060,39,10393170,38638.99,1569286.99
1485,9,2187967,40572.24,282475.63
947,10,2754728,37052.05,400211.74
1791,8,455514,43002.92,437993.93
1313,10,2345694,40599.91,356840.78
1060,39,10185417,38638.99,1108668.06
173,17,4331733,35135.20,516077.85
933,46,12141145,35388.11,1629775.78
1060,39,10393170,38638.99,1342331.02
0,8,2084356,30416.80,131219.40
620,8,1039439,39131.75,266088.88
1619,31,8392033,40504.04,1107946.87
1524,18,4537237,41779.83,679665.90
873,8,2330281,39056.17,416640.04
0,8,1897677,30416.80,357493.42
1900,8,1127154,43300.63,343098.14
1592,17,5188450,41855.59,747982.52
1657,25,6570072,41304.94,866271.73
1900,8,1127154,43300.63,351900.69
2496,8,333464,45240.67,343097.57
1060,39,10393170,38638.99,1298256.31
2496,8,333464,45240.67,400053.62
1592,17,5499283,41855.59,606765.73
0,8,1897677,30416.80,204418.75
878,8,1877982,40170.98,300377.66
0,8,2084356,30416.80,173878.31
0,8,2084356,30416.80,152529.60
1775,8,2327451,42360.13,303867.95
173,17,4331733,35135.20,607481.19
2246,8,547680,44260.60,317294.04
1081,30,7971087,38500.00,1038668.71
2496,8,333464,45240.67,280382.04
2496,8,299558,45240.67,350639.77
873,8,2330281,39056.17,261318.28
1524,18,4497336,41779.83,668363.98
878,8,1818937,40170.98,318173.85
947,10,2754728,37052.05,249257.47
1791,8,455514,43002.92,446408.62
1932,8,2428098,43198.26,315073.65
1791,8,512110,43002.92,398901.67
878,8,1818937,40170.98,274299.64
1791,8,455514,43002.92,281247.93
1687,22,6271554,42079.91,888431.87
2246,8,506724,44260.60,372559.22
1932,8,2226891,43198.26,254943.38
1592,17,5499283,41855.59,623851.17
1619,31,8392033,40504.04,728632.28
2496,8,333464,45240.67,185448.43
1716,12,2867649,41660.70,434990.66
1292,8,1577058,39767.40,350818.86
933,46,12408340,35388.11,1011286.79
173,17,4331733,35135.20,650716.68
0,8,2084356,30416.80,122703.11
173,17,4454497,35135.20,507896.57
1081,30,7971087,38500.00,1052187.95
2496,8,333464,45240.67,419074.44
1619,31,8392033,40504.04,1476989.93
1932,8,2226891,43198.26,248240.83
624,53,15700966,35720.85,990219.53
2496,8,299558,45240.67,509278.67
1716,12,2835882,41660.70,466213.45
1775,8,2373619,42360.13,231757.33
1775,8,2373619,42360.13,355471.89
1791,8,455514,43002.92,380618.00
2246,8,506724,44260.60,403113.70
1592,17,5188450,41855.59,815164.20
624,53,15248681,35720.85,1823123.95
1485,9,2187967,40572.24,374138.09
173,17,4331733,35135.20,543288.18
1932,8,2226891,43198.26,432633.23
1775,8,2373619,42360.13,221834.43
1081,30,7971087,38500.00,1077751.01
1081,30,7971087,38500.00,1202034.77
1292,8,1454165,39767.40,291019.72
873,8,2330281,39056.17,310019.69
2246,8,506724,44260.60,237029.15
1592,17,5499283,41855.59,342084.55
878,8,1877982,40170.98,337799.16
878,8,1877982,40170.98,294930.84
878,8,1877982,40170.98,248654.79
947,10,2754728,37052.05,412520.79
1314,16,4859324,39505.92,309074.92
1900,8,1127154,43300.63,292608.29
873,8,2330281,39056.17,246068.66
1791,8,455514,43002.92,362328.17
933,46,12141145,35388.11,1536942.52
1060,39,10393170,38638.99,1782088.76
1900,8,1175733,43300.63,200614.41
1775,8,2327451,42360.13,284581.73
878,8,1818937,40170.98,375322.53
1932,8,2428098,43198.26,201085.33
1592,17,5499283,41855.59,1062087.26
1932,8,2428098,43198.26,368733.68
173,17,4331733,35135.20,527849.93
873,70,33040411,36671.67,2870299.32
1775,8,2373619,42360.13,266823.56
1932,8,2428098,43198.26,183961.18
620,8,996887,39131.75,354836.08
873,70,33040411,36671.67,1257568.38
1791,8,512110,43002.92,381531.78
2246,8,506724,44260.60,381073.56
1060,39,10185417,38638.99,2017390.47
1313,10,2370894,40599.91,329816.30
0,8,1897677,30416.80,251973.22
1524,18,4537237,41779.83,918283.88
1932,8,2428098,43198.26,348586.40
1485,9,2187967,40572.24,369663.01
1060,39,10185417,38638.99,1006579.44
1657,25,6356307,41304.94,756584.38
933,46,12408340,35388.11,793982.05
1081,30,7865950,38500.00,1077480.24
1313,10,2370894,40599.91,194311.45
1775,8,2327451,42360.13,336080.76
620,8,1039439,39131.75,210197.10
1775,8,2373619,42360.13,296781.22
1775,8,2327451,42360.13,338753.98
2496,8,333464,45240.67,431197.28
1592,17,5188450,41855.59,704719.80
0,8,2084356,30416.80,140184.42
878,8,1877982,40170.98,173126.93
1485,9,2187967,40572.24,298663.09
2496,8,333464,45240.67,190428.00
1716,12,2867649,41660.70,789020.02
1314,16,5070212,39505.92,294623.43
1932,8,2428098,43198.26,308340.44
2496,8,333464,45240.67,304664.53
1932,8,2226891,43198.26,308654.07
1619,31,8392033,40504.04,814124.68
1619,31,8392033,40504.04,493438.81
1657,25,6356307,41304.94,912991.95
1687,22,6344483,42079.91,907784.37
1060,39,10393170,38638.99,1145473.31
1592,17,5188450,41855.59,758394.06
1791,8,512110,43002.92,417685.24
2496,8,333464,45240.67,469899.39
1775,8,2327451,42360.13,313311.09
1716,12,2835882,41660.70,418642.31
1716,12,2867649,41660.70,428938.71
1314,16,5070212,39505.92,510528.38
1657,25,6356307,41304.94,1300162.53
1313,10,2345694,40599.91,320649.20
2246,8,506724,44260.60,296058.62
873,70,33040411,36671.67,1179324.97
1619,31,8354732,40504.04,1250670.18
947,10,2653536,37052.05,251402.30
947,10,2653536,37052.05,252251.63
1716,12,2835882,41660.70,547162.27
624,53,15700966,35720.85,1575571.43
1292,8,1577058,39767.40,313904.31
1060,39,10393170,38638.99,1588894.45
2246,8,547680,44260.60,361355.38
1313,10,2370894,40599.91,472600.56
1313,10,2345694,40599.91,406177.92
1900,8,1127154,43300.63,388746.12
1313,10,2370894,40599.91,429045.66
1900,8,1175733,43300.63,174054.01
1687,22,6344483,42079.91,840065.48
1619,31,8354732,40504.04,857616.65
1081,30,7971087,38500.00,1272077.61
1775,8,2373619,42360.13,275760.43
933,46,12408340,35388.11,1487414.22
1657,25,6570072,41304.94,1134319.36
1932,8,2226891,43198.26,129033.00
620,8,1039439,39131.75,516849.17
1081,30,7865950,38500.00,1151687.70
933,46,12141145,35388.11,1574494.00
1524,18,4537237,41779.83,964698.63
620,8,1039439,39131.75,276004.30
1524,18,4497336,41779.83,834162.21
1524,18,4497336,41779.83,729949.30
1900,8,1127154,43300.63,80870.49
1592,17,5188450,41855.59,745384.35
1657,25,6570072,41304.94,866595.34
878,8,1877982,40170.98,298559.97
1314,16,5070212,39505.92,343543.99
1592,17,5499283,41855.59,683775.37
1313,10,2345694,40599.91,393581.78
1314,16,4859324,39505.92,607965.81
173,17,4331733,35135.20,599727.05
624,53,15248681,35720.85,1904111.21
878,8,1818937,40170.98,428045.61
620,8,996887,39131.75,459428.74
624,53,15248681,35720.85,2029651.98
933,46,12141145,35388.11,1447774.75
624,53,15248681,35720.85,1754191.28
173,17,4331733,35135.20,460966.15
1657,25,6570072,41304.94,558462.38
620,8,996887,39131.75,305684.01
1791,8,512110,43002.92,239829.36
1314,16,5070212,39505.92,410466.18
1485,9,2187967,40572.24,314729.33
1314,16,4859324,39505.92,569914.50
1775,8,2373619,42360.13,218482.26
1657,25,6570072,41304.94,1053429.69
1791,8,512110,43002.92,235233.55
933,46,12408340,35388.11,1435142.72
624,53,15248681,35720.85,1389190.17
1292,8,1577058,39767.40,212971.12
873,8,2189703,39056.17,267554.80
1657,25,6356307,41304.94,1016242.68
873,8,2330281,39056.17,237429.58
873,8,2189703,39056.17,176162.64
1314,16,4859324,39505.92,391073.17
1775,8,2327451,42360.13,406629.20
1687,22,6271554,42079.91,887291.59
1060,39,10393170,38638.99,765768.24
173,17,4454497,35135.20,523313.54
1313,10,2370894,40599.91,441325.41
1060,39,10185417,38638.99,985882.24
1775,8,2327451,42360.13,296445.90
1619,31,8392033,40504.04,887910.46
1716,12,2835882,41660.70,763609.82
1657,25,6570072,41304.94,978340.86
1060,39,10393170,38638.99,1374663.01
1313,10,2345694,40599.91,430046.22
1313,10,2370894,40599.91,405191.20
620,8,1039439,39131.75,211549.35
1314,16,4859324,39505.92,524639.59
1775,8,2327451,42360.13,244414.28
1524,18,4497336,41779.83,720910.34
2246,8,506724,44260.60,349926.16
1900,8,1175733,43300.63,294908.48
1292,8,1577058,39767.40,358878.07
1657,25,6356307,41304.94,839410.01
1485,9,1995727,40572.24,354803.68
2246,8,506724,44260.60,412237.15
1292,8,1577058,39767.40,310106.38
1716,12,2835882,41660.70,365971.53
1791,8,512110,43002.92,336752.42
1932,8,2428098,43198.26,267456.15
873,8,2330281,39056.17,359830.46
1791,8,455514,43002.92,374434.16
1292,8,1454165,39767.40,374838.50
1619,31,8392033,40504.04,1258010.31
620,8,996887,39131.75,290305.68
947,10,2653536,37052.05,307217.77
933,46,12408340,35388.11,1602836.80
1081,30,7865950,38500.00,1092112.84
947,10,2754728,37052.05,419828.24
1292,8,1454165,39767.40,262648.46
1619,31,8354732,40504.04,1068966.08
933,46,12408340,35388.11,1018928.42
173,17,4331733,35135.20,460296.59
1081,30,7865950,38500.00,784971.67
873,70,33040411,36671.67,1025477.82
1791,8,512110,43002.92,290059.60
1932,8,2226891,43198.26,243257.30
1592,17,5188450,41855.59,638266.21
1619,31,8392033,40504.04,1142316.93
620,8,996887,39131.75,318226.12
878,8,1818937,40170.98,306251.58
2496,8,299558,45240.67,368574.96
1657,25,6570072,41304.94,953164.22
947,10,2653536,37052.05,307355.82
1314,16,4859324,39505.92,547484.04
1592,17,5499283,41855.59,610604.97
878,8,1818937,40170.98,109298.57
624,53,15700966,35720.85,1123221.45
173,17,4331733,35135.20,527587.93
1900,8,1175733,43300.63,466280.60
0,8,1897677,30416.80,158536.52
1619,31,8354732,40504.04,1307175.43
1716,12,2867649,41660.70,442923.76
1485,9,2187967,40572.24,205735.68
2246,8,547680,44260.60,250930.25
873,8,2330281,39056.17,267429.71
1485,9,2187967,40572.24,196946.76
2246,8,506724,44260.60,334281.35
1932,8,2428098,43198.26,277900.89
947,10,2653536,37052.05,289290.30
1060,39,10185417,38638.99,1499738.08
1791,8,512110,43002.92,475129.24
2496,8,299558,45240.67,330433.19
1314,16,4859324,39505.92,626228.92
1900,8,1175733,43300.63,115950.52
1716,12,2835882,41660.70,459182.93
1060,39,10185417,38638.99,1509340.72
173,17,4454497,35135.20,431937.12
1485,9,2187967,40572.24,354884.90
1313,10,2345694,40599.91,355870.16
1619,31,8392033,40504.04,1179402.63
1619,31,8392033,40504.04,1199462.08
873,8,2330281,39056.17,341654.53
1716,12,2867649,41660.70,543648.99
2496,8,333464,45240.67,404057.61
1716,12,2835882,41660.70,454778.75
2496,8,333464,45240.67,328311.70
624,53,15700966,35720.85,1254832.29
624,53,15700966,35720.85,1796248.17
1314,16,4859324,39505.92,488442.42
947,10,2653536,37052.05,694992.65
624,53,15248681,35720.85,1539102.21
933,46,12408340,35388.11,1520304.10
173,17,4454497,35135.20,425375.69
1775,8,2327451,42360.13,285600.91
1716,12,2835882,41660.70,459037.15
624,53,15248681,35720.85,1857907.33
1791,8,512110,43002.92,273003.65
1775,8,2327451,42360.13,377884.38
173,17,4331733,35135.20,457378.05
1657,25,6570072,41304.94,429120.62
947,10,2653536,37052.05,272413.44
1775,8,2373619,42360.13,370540.23
620,8,996887,39131.75,252637.53
1657,25,6570072,41304.94,840014.50
878,8,1818937,40170.98,344355.51
1657,25,6570072,41304.94,780191.33
933,46,12141145,35388.11,1518361.17
1485,9,1995727,40572.24,283022.08
1081,30,7865950,38500.00,1369167.30
624,53,15700966,35720.85,1298276.20
878,8,1877982,40170.98,240602.50
173,17,4331733,35135.20,572087.75
1060,39,10185417,38638.99,688680.28
1619,31,8392033,40504.04,954955.49
1687,22,6271554,42079.91,667168.62
1081,30,7865950,38500.00,1118422.52
1619,31,8392033,40504.04,1176328.38
1313,10,2345694,40599.91,503127.01
624,53,15248681,35720.85,2271892.50
933,46,12141145,35388.11,1579722.37
2496,8,299558,45240.67,475336.63
1932,8,2428098,43198.26,141001.15
1775,8,2373619,42360.13,320752.42
620,8,1039439,39131.75,373392.01
1900,8,1175733,43300.63,165985.48
1313,10,2370894,40599.91,404821.80
1657,25,6356307,41304.94,818455.61
624,53,15248681,35720.85,1677986.09
873,8,2330281,39056.17,306149.66
1900,8,1127154,43300.63,333712.69
878,8,1877982,40170.98,248062.17
1485,9,1995727,40572.24,227352.38
1060,39,10393170,38638.99,1098735.21
624,53,15248681,35720.85,1670421.51
1292,8,1577058,39767.40,325522.64
1716,12,2835882,41660.70,570783.62
873,70,31998432,36671.67,2521050.09
1314,16,5070212,39505.92,519967.41
1900,8,1175733,43300.63,135615.17
624,53,15248681,35720.85,2086118.58
1932,8,2428098,43198.26,433916.19
2246,8,547680,44260.60,207939.79
1292,8,1454165,39767.40,322595.19
873,8,2189703,39056.17,294559.06
878,8,1877982,40170.98,140094.42
1592,17,5188450,41855.59,509959.50
1081,30,7865950,38500.00,1040186.76
933,46,12408340,35388.11,902034.54
173,17,4454497,35135.20,943836.23
947,10,2754728,37052.05,507983.49
1932,8,2428098,43198.26,588285.84
1485,9,2187967,40572.24,317933.58
620,8,1039439,39131.75,352360.34
1791,8,512110,43002.92,283941.56
933,46,12141145,35388.11,1475420.60
1313,10,2345694,40599.91,223579.37
1524,18,4537237,41779.83,587807.51
1524,18,4497336,41779.83,685646.05
1081,30,7971087,38500.00,1537553.89
1657,25,6356307,41304.94,1146126.74
1791,8,512110,43002.92,320034.31
1716,12,2835882,41660.70,347277.42
1524,18,4537237,41779.83,380267.19
173,17,4454497,35135.20,731262.26
1313,10,2370894,40599.91,479748.87
1657,25,6356307,41304.94,737524.49
624,53,15700966,35720.85,1089314.84
1524,18,4537237,41779.83,740706.21
1081,30,7971087,38500.00,1448108.13
1292,8,1454165,39767.40,333329.55
1081,30,7865950,38500.00,1059117.36
1619,31,8354732,40504.04,985489.56
624,53,15248681,35720.85,1361511.16
620,8,1039439,39131.75,221580.42
1791,8,512110,43002.92,326803.67
947,10,2754728,37052.05,292813.92
873,8,2330281,39056.17,394099.22
933,46,12141145,35388.11,1010443.78
878,8,1877982,40170.98,265232.16
1292,8,1577058,39767.40,293016.89
1900,8,1175733,43300.63,251220.96
933,46,12141145,35388.11,1725542.54
1932,8,2226891,43198.26,292757.36
1775,8,2327451,42360.13,344624.43
1619,31,8392033,40504.04,1320081.50
1592,17,5499283,41855.59,544037.00
1716,12,2835882,41660.70,428037.72
947,10,2653536,37052.05,301112.40
620,8,996887,39131.75,295947.78
1592,17,5188450,41855.59,713723.44
1716,12,2835882,41660.70,512360.61
1081,30,7865950,38500.00,702440.83
1657,25,6356307,41304.94,940138.07
0,8,2084356,30416.80,173878.74
1900,8,1127154,43300.63,306352.62
1900,8,1127154,43300.63,376594.44
873,8,2330281,39056.17,251711.36
2246,8,506724,44260.60,302456.72
873,70,31998432,36671.67,2018201.68
933,46,12408340,35388.11,881675.46
1932,8,2428098,43198.26,367142.33
1524,18,4497336,41779.83,850794.83
173,17,4454497,35135.20,402675.75
624,53,15248681,35720.85,1982888.55
1775,8,2373619,42360.13,362324.33
1900,8,1127154,43300.63,379070.00
933,46,12141145,35388.11,1403118.59
1900,8,1127154,43300.63,302813.33
1775,8,2327451,42360.13,328437.33
1314,16,5070212,39505.92,346324.98
878,8,1877982,40170.98,249446.69
1932,8,2226891,43198.26,343204.28
878,8,1818937,40170.98,350281.22
1292,8,1577058,39767.40,293718.43
1485,9,1995727,40572.24,451811.85
620,8,996887,39131.75,321799.64
1900,8,1175733,43300.63,212712.53
873,70,31998432,36671.67,2475255.87
1485,9,2187967,40572.24,277911.56
2246,8,547680,44260.60,426087.67
1900,8,1175733,43300.63,443578.34
2496,8,299558,45240.67,386084.95
1775,8,2327451,42360.13,128522.58
1791,8,455514,43002.92,354473.40
2246,8,547680,44260.60,373814.83
624,53,15248681,35720.85,2017905.91
1313,10,2370894,40599.91,443268.12
1081,30,7971087,38500.00,853112.34
1791,8,455514,43002.92,356164.87
1313,10,2345694,40599.91,340186.60
624,53,15248681,35720.85,1982392.93
1775,8,2327451,42360.13,325089.89
2496,8,299558,45240.67,400899.35
1060,39,10185417,38638.99,1507904.68
624,53,15248681,35720.85,1395341.51
1791,8,455514,43002.92,362290.43
173,17,4331733,35135.20,556131.53
1687,22,6271554,42079.91,933778.52
1292,8,1577058,39767.40,284520.57
620,8,996887,39131.75,328475.12
1900,8,1127154,43300.63,389469.14
173,17,4454497,35135.20,395870.49
620,8,1039439,39131.75,314759.72
1592,17,5188450,41855.59,532833.51
1592,17,5499283,41855.59,498485.19
1775,8,2327451,42360.13,322440.35
1657,25,6570072,41304.94,734217.22
624,53,15700966,35720.85,1280103.04
0,8,1897677,30416.80,216013.21
173,17,4454497,35135.20,572353.63
1592,17,5499283,41855.59,658450.39
624,53,15248681,35720.85,2012495.90
1716,12,2867649,41660.70,462596.19
873,8,2189703,39056.17,278973.19
1524,18,4497336,41779.83,684333.88
1485,9,2187967,40572.24,264059.10
1716,12,2835882,41660.70,241697.92
1592,17,5188450,41855.59,829524.60
173,17,4454497,35135.20,452922.81
1716,12,2867649,41660.70,369989.99
173,17,4454497,35135.20,716684.19
620,8,1039439,39131.75,367634.05
1524,18,4497336,41779.83,556692.15
0,8,1897677,30416.80,178724.46
1687,22,6271554,42079.91,868164.42
873,70,33040411,36671.67,2190638.25
933,46,12141145,35388.11,1248292.95
1900,8,1175733,43300.63,171201.82
933,46,12408340,35388.11,1591970.41
873,8,2189703,39056.17,397008.43
1900,8,1127154,43300.63,401073.45
873,70,33040411,36671.67,2271883.18
1657,25,6356307,41304.94,897273.89
947,10,2653536,37052.05,390125.72
1081,30,7971087,38500.00,1171229.25
1791,8,455514,43002.92,301032.26
933,46,12408340,35388.11,1438918.14
947,10,2653536,37052.05,339566.44
1485,9,2187967,40572.24,233368.68
873,8,2330281,39056.17,215374.46
1687,22,6344483,42079.91,558973.71
1292,8,1454165,39767.40,443818.52
0,8,2084356,30416.80,173006.52
1081,30,7865950,38500.00,1348996.55
0,8,2084356,30416.80,101710.91
2246,8,506724,44260.60,317689.79
878,8,1877982,40170.98,147537.77
624,53,15248681,35720.85,1761396.61
933,46,12141145,35388.11,1060198.13
933,46,12141145,35388.11,1602585.24
1932,8,2428098,43198.26,414299.16
620,8,996887,39131.75,311951.45
1314,16,4859324,39505.92,530856.23
878,8,1818937,40170.98,301984.07
873,70,31998432,36671.67,2641685.29
1592,17,5499283,41855.59,730811.68
1592,17,5188450,41855.59,804735.05
1775,8,2373619,42360.13,122224.23
624,53,15700966,35720.85,1467571.68
1716,12,2835882,41660.70,622261.72
1900,8,1127154,43300.63,226554.96
173,17,4331733,35135.20,406613.76
1900,8,1127154,43300.63,256658.10
1081,30,7971087,38500.00,933319.02
620,8,996887,39131.75,332426.73
878,8,1818937,40170.98,366217.66
1081,30,7865950,38500.00,1297704.86
873,8,2330281,39056.17,169462.01
873,70,33040411,36671.67,2026227.04
933,46,12141145,35388.11,1551242.35
1524,18,4537237,41779.83,468566.30
1716,12,2835882,41660.70,651838.73
933,46,12408340,35388.11,1513278.18
1524,18,4537237,41779.83,848532.35
873,70,31998432,36671.67,1647924.65
1716,12,2867649,41660.70,459804.82
2496,8,299558,45240.67,346711.20
1313,10,2345694,40599.91,413436.63
1687,22,6344483,42079.91,1090560.03
1619,31,8354732,40504.04,1151504.13
873,70,33040411,36671.67,2376062.97
1081,30,7865950,38500.00,1050978.25
2496,8,299558,45240.67,269495.97
1775,8,2327451,42360.13,327602.59
624,53,15248681,35720.85,1656291.16
624,53,15700966,35720.85,3136180.95
1524,18,4537237,41779.83,792558.78
947,10,2653536,37052.05,309412.14
1687,22,6271554,42079.91,846347.58
1687,22,6271554,42079.91,1163219.91
873,70,31998432,36671.67,2485234.88
933,46,12408340,35388.11,1208097.96
1592,17,5188450,41855.59,642298.08
878,8,1877982,40170.98,242622.98
173,17,4331733,35135.20,455436.58
1900,8,1127154,43300.63,384460.17
1619,31,8392033,40504.04,1118885.12
1900,8,1127154,43300.63,389847.33
1485,9,2187967,40572.24,233457.66
2246,8,506724,44260.60,425677.44
1314,16,4859324,39505.92,384689.36
1524,18,4497336,41779.83,605729.86
2496,8,299558,45240.67,360411.03
1775,8,2373619,42360.13,469497.89
1592,17,5499283,41855.59,418432.86
1592,17,5188450,41855.59,642480.85
1775,8,2373619,42360.13,311555.56
1313,10,2345694,40599.91,411107.14
1060,39,10185417,38638.99,1485261.62
1900,8,1127154,43300.63,247864.04
1081,30,7971087,38500.00,974628.28
1775,8,2373619,42360.13,309770.59
1657,25,6356307,41304.94,1054222.14
1485,9,1995727,40572.24,270808.58
1081,30,7865950,38500.00,1022734.00
1524,18,4497336,41779.83,778222.53
873,70,31998432,36671.67,2375946.33
1791,8,512110,43002.92,340909.25
1716,12,2867649,41660.70,528718.41
947,10,2653536,37052.05,321086.38
1292,8,1577058,39767.40,396442.25
624,53,15248681,35720.85,1972727.71
173,17,4331733,35135.20,532180.10
1932,8,2226891,43198.26,208904.01
1081,30,7971087,38500.00,812592.17
873,8,2189703,39056.17,241691.64
1791,8,512110,43002.92,267725.66
873,70,31998432,36671.67,2044685.01
1524,18,4537237,41779.83,608561.15
2246,8,547680,44260.60,381231.45
873,70,33040411,36671.67,2075598.62
878,8,1877982,40170.98,249274.03
873,8,2189703,39056.17,194152.85
2496,8,299558,45240.67,308975.31
1932,8,2226891,43198.26,215714.31
873,70,31998432,36671.67,2261949.28
624,53,15700966,35720.85,1341293.04
1060,39,10393170,38638.99,1168166.58
1592,17,5188450,41855.59,616710.20
0,8,2084356,30416.80,74929.64
1081,30,7865950,38500.00,759057.12
1619,31,8354732,40504.04,1306879.62
1932,8,2226891,43198.26,281101.46
947,10,2653536,37052.05,344606.68
1900,8,1175733,43300.63,222228.98
1592,17,5499283,41855.59,589906.43
1791,8,455514,43002.92,248068.88
933,46,12408340,35388.11,1679179.36
933,46,12408340,35388.11,1053158.42
1687,22,6271554,42079.91,958057.44
1619,31,8392033,40504.04,928170.27
1314,16,5070212,39505.92,620854.40
1716,12,2867649,41660.70,461551.89
1619,31,8392033,40504.04,1072213.33
873,70,31998432,36671.67,2223189.04
873,70,31998432,36671.67,2554360.01
947,10,2653536,37052.05,324706.10
1657,25,6570072,41304.94,1048806.90
2496,8,299558,45240.67,305928.42
947,10,2653536,37052.05,243195.77
878,8,1877982,40170.98,259900.40
1687,22,6271554,42079.91,922492.87
947,10,2754728,37052.05,243429.49
873,70,33040411,36671.67,1878259.22
0,8,2084356,30416.80,126958.85
1619,31,8354732,40504.04,977857.21
1791,8,455514,43002.92,349773.73
620,8,1039439,39131.75,212413.23
1524,18,4497336,41779.83,717226.25
1619,31,8354732,40504.04,566832.71
878,8,1877982,40170.98,220822.68
1716,12,2867649,41660.70,524272.48
0,8,2084356,30416.80,128509.16
1314,16,4859324,39505.92,592072.08
878,8,1877982,40170.98,150234.86
2246,8,547680,44260.60,351856.19
1775,8,2373619,42360.13,278258.29
620,8,996887,39131.75,397143.24
947,10,2754728,37052.05,318915.83
0,8,1897677,30416.80,203084.79
173,17,4454497,35135.20,449780.96
2246,8,547680,44260.60,446285.36
1791,8,455514,43002.92,356694.59
947,10,2653536,37052.05,557642.31
620,8,996887,39131.75,335961.91
1060,39,10393170,38638.99,1637967.09
1292,8,1454165,39767.40,235067.89
2496,8,333464,45240.67,375981.48
873,8,2330281,39056.17,406234.33
1081,30,7865950,38500.00,1490274.50
620,8,1039439,39131.75,276298.41
1292,8,1454165,39767.40,219657.14
624,53,15700966,35720.85,2226841.46
873,70,33040411,36671.67,1866146.50
2246,8,506724,44260.60,402167.13
878,8,1877982,40170.98,194315.63
173,17,4331733,35135.20,472986.77
620,8,1039439,39131.75,238036.55
1592,17,5188450,41855.59,825258.49
873,8,2330281,39056.17,254628.54
