"","ano","mes","legislatura","uf","partido","representatividade","distancia","vagas","eleitores","cota","valor","orig.id"
"137886","2015","2","55","RO","DEM",21,1900,8,1127154,43300.63,2083.97,"1567"
"125843","2015","2","55","RJ","PL",34,933,46,12141145,35388.11,18000,"1490"
"53404","2015","2","55","MA","PCdoB",10,1524,18,4497336,41779.83,617.63,"632"
"159718","2015","2","55","SC","PL",34,1314,16,4859324,39505.92,3794.2,"1775"
"146636","2015","2","55","RS","PSB",34,1619,31,8392033,40504.04,27432.59,"1664"
"98139","2015","2","55","PE","PSDB",54,1657,25,6356307,41304.94,3696.96,"1069"
"125911","2015","2","55","RJ","PCdoB",10,933,46,12141145,35388.11,2389.94,"1493"
"132640","2015","2","55","RN","PSDB",54,1775,8,2327451,42360.13,11286.18,"1523"
"88377","2015","2","55","PB","PTB",25,1716,12,2835882,41660.7,1884.49,"1022"
"7059","2015","3","55","AL","PP",38,1485,9,1995727,40572.24,2819.95,"67"
"13207","2015","3","55","AP","PL",34,1791,8,455514,43002.92,353.82,"150"
"132345","2015","3","55","RN","MDB",65,1775,8,2327451,42360.13,3000,"1657"
"121495","2015","3","55","RJ","SOLIDARIEDADE",15,933,46,12141145,35388.11,129.06,"1512"
"19925","2015","3","55","BA","PSDB",54,1060,39,10185417,38638.99,9270.64,"233"
"169694","2015","3","55","SP","PT",68,873,70,31998432,36671.67,6673.67,"2040"
"112498","2015","3","55","PR","MDB",65,1081,30,7865950,38500,9087.81,"1412"
"35618","2015","3","55","DF","PSD",36,0,8,1897677,30416.8,1090.96,"445"
"161912","2015","3","55","SC","PL",34,1314,16,4859324,39505.92,177.79,"1968"
"47630","2015","4","55","GO","PL",34,173,17,4331733,35135.2,10000,"580"
"30748","2015","4","55","CE","PTB",25,1687,22,6271554,42079.91,1278.94,"368"
"30488","2015","4","55","CE","REPUBLICANOS",21,1687,22,6271554,42079.91,537.45,"361"
"69890","2015","4","55","MG","MDB",65,624,53,15248681,35720.85,12865.6,"837"
"132531","2015","4","55","RN","PSD",36,1775,8,2327451,42360.13,4091.95,"1664"
"63428","2015","4","55","MG","PODEMOS",9,624,53,15248681,35720.85,3900,"816"
"89266","2015","4","55","PB","PP",38,1716,12,2835882,41660.7,1287.87,"1131"
"3424","2015","4","55","AC","PSDB",54,2246,8,506724,44260.6,17713,"32"
"174947","2015","4","55","SP","PL",34,873,70,31998432,36671.67,1098.54,"2093"
"53437","2015","5","55","MA","PODEMOS",9,1524,18,4497336,41779.83,5488.8,"707"
"159438","2015","5","55","SC","PL",34,1314,16,4859324,39505.92,9509.1,"1971"
"102047","2015","5","55","PE","PODEMOS",9,1657,25,6356307,41304.94,10000,"1277"
"13052","2015","5","55","AP","MDB",65,1791,8,455514,43002.92,4068.16,"152"
"149818","2015","5","55","RS","PSB",34,1619,31,8392033,40504.04,2560,"1914"
"71001","2015","5","55","MS","PT",68,878,8,1818937,40170.98,737.9,"889"
"124822","2015","5","55","RJ","PROS",11,933,46,12141145,35388.11,3799,"1624"
"184871","2015","5","55","TO","PP",38,620,8,996887,39131.75,632.09,"2298"
"71812","2015","5","55","MS","DEM",21,878,8,1818937,40170.98,8357,"898"
"14614","2015","5","55","AP","PODEMOS",9,1791,8,455514,43002.92,13750,"194"
"74980","2015","6","55","MS","PSDB",54,878,8,1818937,40170.98,6519.43,"949"
"71909","2015","6","55","MS","DEM",21,878,8,1818937,40170.98,4148.77,"919"
"87851","2015","6","55","PB","MDB",65,1716,12,2835882,41660.7,393.25,"1138"
"109102","2015","6","55","PR","PROS",11,1081,30,7865950,38500,3266.08,"1401"
"32354","2015","6","55","CE","REPUBLICANOS",21,1687,22,6271554,42079.91,2000,"395"
"8301","2015","6","55","AM","PSDB",54,1932,8,2226891,43198.26,1750,"99"
"122519","2015","6","55","RJ","PSOL",5,933,46,12141145,35388.11,22670,"1577"
"121813","2015","6","55","RJ","MDB",65,933,46,12141145,35388.11,6000,"1560"
"48242","2015","6","55","GO","REPUBLICANOS",21,173,17,4331733,35135.2,3921.99,"613"
"108934","2015","6","55","PR","MDB",65,1081,30,7865950,38500,13530,"1397"
"51046","2015","7","55","MA","DEM",21,1524,18,4497336,41779.83,3351.6,"657"
"48447","2015","7","55","GO","PTB",25,173,17,4331733,35135.2,4249.39,"613"
"131791","2015","7","55","RN","MDB",65,1775,8,2327451,42360.13,1009.64,"1663"
"124450","2015","7","55","RJ","PTB",25,933,46,12141145,35388.11,10000,"1605"
"131809","2015","7","55","RN","DEM",21,1775,8,2327451,42360.13,4900,"1665"
"84458","2015","7","55","PA","PSD",36,1592,17,5188450,41855.59,3097.14,"1043"
"170290","2015","7","55","SP","PL",34,873,70,31998432,36671.67,13500,"2089"
"19085","2015","7","55","BA","PL",34,1060,39,10185417,38638.99,5950,"241"
"84393","2015","7","55","PA","PP",38,1592,17,5188450,41855.59,105.2,"1042"
"8214","2015","7","55","AM","PL",34,1932,8,2226891,43198.26,624.8,"111"
"175781","2015","8","55","SP","PSB",34,873,70,31998432,36671.67,6741.44,"2182"
"52041","2015","8","55","MA","PTB",25,1524,18,4497336,41779.83,473.32,"696"
"78489","2015","8","55","MT","PSL",1,873,8,2189703,39056.17,89.2,"997"
"7347","2015","8","55","AL","PT",68,1485,9,1995727,40572.24,5200.94,"91"
"123488","2015","8","55","RJ","PT",68,933,46,12141145,35388.11,633.87,"1617"
"135650","2015","8","55","RN","PSD",36,1775,8,2327451,42360.13,1624.99,"1723"
"122285","2015","8","55","RJ","PCdoB",10,933,46,12141145,35388.11,1400,"1589"
"122141","2015","8","55","RJ","PDT",20,933,46,12141145,35388.11,159.48,"1585"
"46014","2015","8","55","GO","REPUBLICANOS",21,173,17,4331733,35135.2,101.38,"580"
"106915","2015","8","55","PI","PODEMOS",9,1313,10,2345694,40599.91,7500,"1372"
"101516","2015","9","55","PE","PCdoB",10,1657,25,6356307,41304.94,15295.36,"1278"
"121453","2015","9","55","RJ","PROS",11,933,46,12141145,35388.11,624.9,"1557"
"89440","2015","9","55","PB","REPUBLICANOS",21,1716,12,2835882,41660.7,2095.48,"1168"
"18795","2015","9","55","BA","PL",34,1060,39,10185417,38638.99,116,"229"
"32403","2015","9","55","CE","REPUBLICANOS",21,1687,22,6271554,42079.91,1168.27,"413"
"79344","2015","9","55","MT","REPUBLICANOS",21,873,8,2189703,39056.17,255,"1009"
"38989","2015","9","55","ES","PCdoB",10,947,10,2653536,37052.05,604.7,"517"
"53348","2015","9","55","MA","PP",38,1524,18,4497336,41779.83,8600,"717"
"945","2015","9","55","AC","PSB",34,2246,8,506724,44260.6,2420.1,"10"
"135494","2015","9","55","RN","MDB",65,1775,8,2327451,42360.13,12000,"1710"
"146877","2015","10","55","RS","PSD",36,1619,31,8392033,40504.04,13516.64,"1838"
"49880","2015","10","55","MA","PTB",25,1524,18,4497336,41779.83,1251.31,"637"
"75059","2015","10","55","MT","PSDB",54,873,8,2189703,39056.17,1431.16,"926"
"184288","2015","10","55","TO","MDB",65,620,8,996887,39131.75,1872.19,"2264"
"150806","2015","10","55","RS","MDB",65,1619,31,8392033,40504.04,119.4,"1917"
"21710","2015","10","55","BA","REPUBLICANOS",21,1060,39,10185417,38638.99,15436.87,"278"
"32436","2015","10","55","CE","PTB",25,1687,22,6271554,42079.91,1124.59,"390"
"123298","2015","10","55","RJ","PDT",20,933,46,12141145,35388.11,4900,"1582"
"36874","2015","10","55","DF","SOLIDARIEDADE",15,0,8,1897677,30416.8,2288,"463"
"36547","2015","10","55","DF","PP",38,0,8,1897677,30416.8,181.15,"450"
"58436","2015","11","55","MG","PT",68,624,53,15248681,35720.85,1058,"750"
"110357","2015","11","55","PR","PT",68,1081,30,7865950,38500,14515,"1380"
"174971","2015","11","55","SP","CIDADANIA",10,873,70,31998432,36671.67,222.2,"2083"
"62502","2015","11","55","MG","PL",34,624,53,15248681,35720.85,21546,"809"
"70880","2015","11","55","MG","PODEMOS",9,624,53,15248681,35720.85,22090,"865"
"80502","2015","11","55","PA","DEM",21,1592,17,5188450,41855.59,8466.77,"992"
"37172","2015","11","55","DF","DEM",21,0,8,1897677,30416.8,4800,"486"
"120297","2015","11","55","RJ","PSDB",54,933,46,12141145,35388.11,15151.64,"1485"
"149113","2015","11","55","RS","PP",38,1619,31,8392033,40504.04,14722.56,"1836"
"75270","2015","12","55","MT","DEM",21,873,8,2189703,39056.17,2193.98,"853"
"122903","2015","12","55","RJ","SOLIDARIEDADE",15,933,46,12141145,35388.11,14000,"1425"
"46948","2015","12","55","GO","CIDADANIA",10,173,17,4331733,35135.2,327.27,"529"
"46875","2015","12","55","GO","PDT",20,173,17,4331733,35135.2,4000,"528"
"159486","2015","12","55","SC","CIDADANIA",10,1314,16,4859324,39505.92,132,"1791"
"108712","2015","12","55","PR","PDT",20,1081,30,7865950,38500,500,"1251"
"78135","2015","12","55","MT","PP",38,873,8,2189703,39056.17,5907.88,"875"
"183701","2015","12","55","TO","PROS",11,620,8,996887,39131.75,547.87,"2045"
"184664","2015","12","55","TO","PP",38,620,8,996887,39131.75,450,"2064"
"57831","2016","1","55","MG","PP",38,624,53,15248681,35720.85,10596.56,"664"
"163350","2016","1","55","SE","MDB",65,1292,8,1454165,39767.4,3591.06,"1801"
"174858","2016","1","55","SP","PCdoB",10,873,70,31998432,36671.67,4800,"1891"
"29607","2016","1","55","CE","PSB",34,1687,22,6271554,42079.91,8500,"316"
"8221","2016","1","55","AM","PDT",20,1932,8,2226891,43198.26,3038.01,"92"
"19921","2016","1","55","BA","PSD",36,1060,39,10185417,38638.99,802.95,"222"
"174315","2016","1","55","SP","PSOL",5,873,70,31998432,36671.67,315.87,"1883"
"7694","2016","1","55","AL","PDT",20,1485,9,1995727,40572.24,702.25,"82"
"179896","2016","1","55","SP","PSB",34,873,70,31998432,36671.67,227.4,"1998"
"114350","2016","2","55","PR","PROS",11,1081,30,7865950,38500,621.5,"1441"
"14402","2016","2","55","AP","PDT",20,1791,8,455514,43002.92,3508.67,"175"
"18954","2016","2","55","BA","PATRIOTA",5,1060,39,10185417,38638.99,364.58,"217"
"7966","2016","2","55","AL","PSDB",54,1485,9,1995727,40572.24,7032.51,"98"
"160084","2016","2","55","SC","MDB",65,1314,16,4859324,39505.92,29575.39,"1925"
"31911","2016","2","55","CE","PSB",34,1687,22,6271554,42079.91,15600,"371"
"183452","2016","2","55","TO","DEM",21,620,8,996887,39131.75,4278.09,"2195"
"61951","2016","2","55","MG","PSDB",54,624,53,15248681,35720.85,2397.18,"784"
"177600","2016","2","55","SP","PCdoB",10,873,70,31998432,36671.67,7360.3,"2133"
"101047","2016","3","55","PE","SOLIDARIEDADE",15,1657,25,6356307,41304.94,603.27,"1273"
"131843","2016","3","55","RN","PSB",34,1775,8,2327451,42360.13,1207.2,"1707"
"158658","2016","3","55","SC","PP",38,1314,16,4859324,39505.92,586.47,"1983"
"70429","2016","3","55","MG","MDB",65,624,53,15248681,35720.85,540,"887"
"111850","2016","3","55","PR","PROS",11,1081,30,7865950,38500,6356.52,"1463"
"49016","2016","3","55","GO","PDT",20,173,17,4331733,35135.2,6000,"648"
"57377","2016","3","55","MG","AVANTE",2,624,53,15248681,35720.85,3971.43,"760"
"170251","2016","3","55","SP","PSD",36,873,70,31998432,36671.67,3099.92,"2144"
"161697","2016","3","55","SC","PSDB",54,1314,16,4859324,39505.92,2267.6,"2050"
"174123","2016","3","55","SP","PV",8,873,70,31998432,36671.67,9145.36,"2158"
"62910","2016","4","55","MG","DEM",21,624,53,15248681,35720.85,11654.86,"880"
"143954","2016","4","55","RR","DEM",21,2496,8,299558,45240.67,8500,"1833"
"100301","2016","4","55","PE","PCdoB",10,1657,25,6356307,41304.94,682.66,"1248"
"6727","2016","4","55","AL","PODEMOS",9,1485,9,1995727,40572.24,104.3,"70"
"99380","2016","4","55","PE","PP",38,1657,25,6356307,41304.94,326.77,"1232"
"148171","2016","4","55","RS","PSB",34,1619,31,8392033,40504.04,2829.27,"1913"
"122217","2016","4","55","RJ","PSD",36,933,46,12141145,35388.11,2950,"1592"
"31882","2016","4","55","CE","PDT",20,1687,22,6271554,42079.91,15749.9,"413"
"150807","2016","4","55","RS","PTB",25,1619,31,8392033,40504.04,9567,"1971"
"135519","2016","4","55","RN","PSD",36,1775,8,2327451,42360.13,9000,"1727"
"89065","2016","5","55","PB","PT",68,1716,12,2835882,41660.7,403.2,"1140"
"32516","2016","5","55","CE","PDT",20,1687,22,6271554,42079.91,15356.71,"417"
"53706","2016","5","55","MA","PDT",20,1524,18,4497336,41779.83,3831.32,"723"
"169898","2016","5","55","SP","MDB",65,873,70,31998432,36671.67,9150.12,"2114"
"80536","2016","5","55","PA","MDB",65,1592,17,5188450,41855.59,7320.36,"1041"
"47422","2016","5","55","GO","SOLIDARIEDADE",15,173,17,4331733,35135.2,1440.21,"611"
"103086","2016","5","55","PE","PCdoB",10,1657,25,6356307,41304.94,108.39,"1293"
"47437","2016","5","55","GO","REPUBLICANOS",21,173,17,4331733,35135.2,2651.04,"612"
"7036","2016","5","55","AL","PT",68,1485,9,1995727,40572.24,99.24,"82"
"39988","2016","5","55","ES","PT",68,947,10,2653536,37052.05,5326.54,"555"
"21119","2016","6","55","BA","PCdoB",10,1060,39,10185417,38638.99,5749.93,"276"
"163231","2016","6","55","SE","PSD",36,1292,8,1454165,39767.4,20000,"2001"
"178828","2016","6","55","SP","PTB",25,873,70,31998432,36671.67,3679.37,"2192"
"2398","2016","6","55","AC","PT",68,2246,8,506724,44260.6,28467.98,"18"
"105271","2016","6","55","PI","PP",38,1313,10,2345694,40599.91,1081.94,"1290"
"121510","2016","6","55","RJ","MDB",65,933,46,12141145,35388.11,181.52,"1517"
"159838","2016","6","55","SC","MDB",65,1314,16,4859324,39505.92,18107.01,"1941"
"7080","2016","6","55","AL","PSDB",54,1485,9,1995727,40572.24,1164.22,"83"
"39529","2016","6","55","ES","MDB",65,947,10,2653536,37052.05,2333.89,"516"
"101806","2016","7","55","PE","PSB",34,1657,25,6356307,41304.94,29995.07,"1217"
"15104","2016","7","55","AP","PSD",36,1791,8,455514,43002.92,160.77,"193"
"162054","2016","7","55","SC","PL",34,1314,16,4859324,39505.92,2900,"1967"
"90139","2016","7","55","PB","PSDB",54,1716,12,2835882,41660.7,412.19,"1132"
"176828","2016","7","55","SP","PSC",13,873,70,31998432,36671.67,767.8,"2117"
"69387","2016","7","55","MG","PSD",36,624,53,15248681,35720.85,1171,"841"
"38359","2016","7","55","ES","PDT",20,947,10,2653536,37052.05,4698.22,"498"
"136126","2016","7","55","RN","MDB",65,1775,8,2327451,42360.13,155.26,"1659"
"4320","2016","7","55","AL","PSDB",54,1485,9,1995727,40572.24,2116.91,"51"
"183320","2016","8","55","TO","DEM",21,620,8,996887,39131.75,4921.99,"2210"
"72310","2016","8","55","MS","DEM",21,878,8,1818937,40170.98,22481.41,"874"
"143366","2016","8","55","RR","PP",38,2496,8,299558,45240.67,7400,"1743"
"109651","2016","8","55","PR","PV",8,1081,30,7865950,38500,3900,"1355"
"113008","2016","8","55","PR","PL",34,1081,30,7865950,38500,492.2,"1409"
"85400","2016","8","55","PA","PODEMOS",9,1592,17,5188450,41855.59,6500,"1030"
"98980","2016","8","55","PE","MDB",65,1657,25,6356307,41304.94,270,"1181"
"112445","2016","8","55","PR","PT",68,1081,30,7865950,38500,2557.33,"1394"
"144059","2016","8","55","RR","REPUBLICANOS",21,2496,8,299558,45240.67,4000,"1754"
"120584","2016","9","55","RJ","PSD",36,933,46,12141145,35388.11,17183.1,"1474"
"62819","2016","9","55","MG","PSC",13,624,53,15248681,35720.85,13000,"813"
"141900","2016","9","55","RR","DEM",21,2496,8,299558,45240.67,6920,"1707"
"102932","2016","9","55","PE","CIDADANIA",10,1657,25,6356307,41304.94,2214.68,"1235"
"111375","2016","9","55","PR","PSDB",54,1081,30,7865950,38500,8354.39,"1376"
"19463","2016","9","55","BA","PATRIOTA",5,1060,39,10185417,38638.99,88,"234"
"161456","2016","9","55","SC","MDB",65,1314,16,4859324,39505.92,19410,"1916"
"84197","2016","9","55","PA","PSOL",5,1592,17,5188450,41855.59,466.25,"1017"
"102614","2016","9","55","PE","PP",38,1657,25,6356307,41304.94,1500,"1224"
"32392","2016","10","55","CE","PT",68,1687,22,6271554,42079.91,190,"388"
"52741","2016","10","55","MA","PODEMOS",9,1524,18,4497336,41779.83,226.28,"672"
"178788","2016","10","55","SP","PSDB",54,873,70,31998432,36671.67,1219.3,"2122"
"50984","2016","10","55","MA","REPUBLICANOS",21,1524,18,4497336,41779.83,6379.44,"621"
"61109","2016","10","55","MG","SOLIDARIEDADE",15,624,53,15248681,35720.85,8515.58,"774"
"6964","2016","10","55","AL","PP",38,1485,9,1995727,40572.24,1502.42,"75"
"183266","2016","10","55","TO","MDB",65,620,8,996887,39131.75,3882.24,"2147"
"113886","2016","10","55","PR","PSL",1,1081,30,7865950,38500,1700,"1407"
"101130","2016","10","55","PE","PROS",11,1657,25,6356307,41304.94,14625.95,"1175"
"58478","2016","11","55","MG","PT",68,624,53,15248681,35720.85,17800,"713"
"35687","2016","11","55","DF","PL",34,0,8,1897677,30416.8,10000,"422"
"52077","2016","11","55","MA","PTB",25,1524,18,4497336,41779.83,1031.05,"630"
"71897","2016","11","55","MS","PSB",34,878,8,1818937,40170.98,608.34,"835"
"84249","2016","11","55","PA","SOLIDARIEDADE",15,1592,17,5188450,41855.59,304.79,"959"
"137466","2016","11","55","RO","PL",34,1900,8,1127154,43300.63,715.96,"1614"
"184260","2016","11","55","TO","DEM",21,620,8,996887,39131.75,339.9,"2154"
"138594","2016","11","55","RO","MDB",65,1900,8,1127154,43300.63,398,"1638"
"21233","2016","11","55","BA","PODEMOS",9,1060,39,10185417,38638.99,9758.7,"237"
"108758","2016","12","55","PR","MDB",65,1081,30,7865950,38500,15381.22,"1222"
"144091","2016","12","55","RR","PODEMOS",9,2496,8,299558,45240.67,7586.55,"1612"
"61058","2016","12","55","MG","SOLIDARIEDADE",15,624,53,15248681,35720.85,1781.76,"715"
"84596","2016","12","55","PA","PL",34,1592,17,5188450,41855.59,9980,"930"
"10811","2016","12","55","AM","DEM",21,1932,8,2226891,43198.26,2517.69,"121"
"72312","2016","12","55","MS","MDB",65,878,8,1818937,40170.98,5117.82,"818"
"169781","2016","12","55","SP","SOLIDARIEDADE",15,873,70,31998432,36671.67,265.57,"1880"
"19353","2016","12","55","BA","PSDB",54,1060,39,10185417,38638.99,3673.34,"206"
"69575","2016","12","55","MG","DEM",21,624,53,15248681,35720.85,4400,"778"
"164110","2017","1","55","SE","REPUBLICANOS",21,1292,8,1454165,39767.4,306.17,"1845"
"85577","2017","1","55","PA","PSD",36,1592,17,5188450,41855.59,2097.34,"942"
"74669","2017","1","55","MS","PSDB",54,878,8,1818937,40170.98,1460.25,"824"
"61544","2017","1","55","MG","PROS",11,624,53,15248681,35720.85,15391.45,"702"
"52626","2017","1","55","MA","PODEMOS",9,1524,18,4497336,41779.83,7400,"602"
"11014","2017","1","55","AM","PL",34,1932,8,2226891,43198.26,4692.85,"128"
"62399","2017","1","55","MG","PL",34,624,53,15248681,35720.85,971.78,"714"
"6865","2017","1","55","AL","PP",38,1485,9,1995727,40572.24,218.4,"75"
"179055","2017","1","55","SP","PSDB",54,873,70,31998432,36671.67,1343.44,"2004"
"70458","2017","2","55","MG","PP",38,624,53,15248681,35720.85,1647.9,"854"
"10573","2017","2","55","AM","PSDB",54,1932,8,2226891,43198.26,950,"120"
"148714","2017","2","55","RS","PT",68,1619,31,8392033,40504.04,25320.64,"1829"
"126468","2017","2","55","RJ","PDT",20,933,46,12141145,35388.11,686.13,"1610"
"147894","2017","2","55","RS","PT",68,1619,31,8392033,40504.04,1951.89,"1814"
"34148","2017","2","55","CE","PSDB",54,1687,22,6271554,42079.91,7200,"431"
"21539","2017","2","55","BA","PSDB",54,1060,39,10185417,38638.99,6266.76,"279"
"107282","2017","2","55","PI","DEM",21,1313,10,2345694,40599.91,4751.03,"1304"
"57170","2017","2","55","MG","PSDB",54,624,53,15248681,35720.85,1501.48,"711"
"125738","2017","3","55","RJ","PATRIOTA",5,933,46,12141145,35388.11,5909.41,"1645"
"121241","2017","3","55","RJ","PL",34,933,46,12141145,35388.11,3688.6,"1536"
"136291","2017","3","55","RN","MDB",65,1775,8,2327451,42360.13,5710.48,"1717"
"115003","2017","3","55","PR","PV",8,1081,30,7865950,38500,1441.67,"1499"
"103242","2017","3","55","PE","PTB",25,1657,25,6356307,41304.94,743.56,"1282"
"59355","2017","3","55","MG","SOLIDARIEDADE",15,624,53,15248681,35720.85,2767,"766"
"86814","2017","3","55","PB","DEM",21,1716,12,2835882,41660.7,9954.63,"1082"
"79502","2017","3","55","PA","DEM",21,1592,17,5188450,41855.59,6000,"992"
"62046","2017","3","55","MG","SOLIDARIEDADE",15,624,53,15248681,35720.85,10488.55,"802"
"160389","2017","3","55","SC","PSD",36,1314,16,4859324,39505.92,9700,"1993"
"36816","2017","4","55","DF","PODEMOS",9,0,8,1897677,30416.8,6500,"467"
"135755","2017","4","55","RN","PODEMOS",9,1775,8,2327451,42360.13,4977.24,"1666"
"174664","2017","4","55","SP","PSOL",5,873,70,31998432,36671.67,23760.04,"2092"
"141881","2017","4","55","RR","PP",38,2496,8,299558,45240.67,4775.18,"1737"
"140659","2017","4","55","RR","DEM",21,2496,8,299558,45240.67,9528.63,"1729"
"115344","2017","4","55","PR","PSDB",54,1081,30,7865950,38500,6431.84,"1477"
"1260","2017","4","55","AC","PT",68,2246,8,506724,44260.6,236.05,"23"
"57359","2017","4","55","MG","PSD",36,624,53,15248681,35720.85,17559.35,"709"
"79529","2017","4","55","PA","MDB",65,1592,17,5188450,41855.59,263.7,"973"
"33607","2017","5","55","CE","PSDB",54,1687,22,6271554,42079.91,847,"433"
"169683","2017","5","55","SP","PODEMOS",9,873,70,31998432,36671.67,17679,"2091"
"28822","2017","5","55","CE","REPUBLICANOS",21,1687,22,6271554,42079.91,2551.12,"327"
"179427","2017","5","55","SP","PL",34,873,70,31998432,36671.67,28310.1,"2233"
"160328","2017","5","55","SC","PSD",36,1314,16,4859324,39505.92,3511.78,"1976"
"89434","2017","5","55","PB","PT",68,1716,12,2835882,41660.7,3856.37,"1147"
"99636","2017","5","55","PE","PSB",34,1657,25,6356307,41304.94,6842.94,"1201"
"102262","2017","5","55","PE","PROS",11,1657,25,6356307,41304.94,9957.35,"1260"
"71497","2017","5","55","MS","PSB",34,878,8,1818937,40170.98,300,"890"
"151274","2017","5","55","RS","PODEMOS",9,1619,31,8392033,40504.04,2499.59,"1933"
"87876","2017","6","55","PB","PTB",25,1716,12,2835882,41660.7,9435,"1092"
"135648","2017","6","55","RN","PP",38,1775,8,2327451,42360.13,1184.51,"1686"
"105713","2017","6","55","PI","MDB",65,1313,10,2345694,40599.91,992.1,"1300"
"31922","2017","6","55","CE","AVANTE",2,1687,22,6271554,42079.91,1436.43,"378"
"32312","2017","6","55","CE","PODEMOS",9,1687,22,6271554,42079.91,172.5,"392"
"7745","2017","6","55","AL","PODEMOS",9,1485,9,1995727,40572.24,8500,"102"
"179798","2017","6","55","SP","PSL",1,873,70,31998432,36671.67,1242.38,"2231"
"115315","2017","6","55","PR","MDB",65,1081,30,7865950,38500,1931.71,"1486"
"160221","2017","6","55","SC","PSDB",54,1314,16,4859324,39505.92,12240.6,"1967"
"39072","2017","6","55","ES","MDB",65,947,10,2653536,37052.05,5600,"503"
"85023","2017","7","55","PA","PTB",25,1592,17,5188450,41855.59,25000,"1010"
"185104","2017","7","55","TO","PROS",11,620,8,996887,39131.75,20854.9,"2247"
"140580","2017","7","55","RR","PSDB",54,2496,8,299558,45240.67,14222.82,"1732"
"99588","2017","7","55","PE","PATRIOTA",5,1657,25,6356307,41304.94,7480.45,"1173"
"110224","2017","7","55","PR","PSC",13,1081,30,7865950,38500,1109.52,"1366"
"120073","2017","7","55","RJ","SOLIDARIEDADE",15,933,46,12141145,35388.11,19000,"1478"
"47336","2017","7","55","GO","PDT",20,173,17,4331733,35135.2,12050,"568"
"175549","2017","7","55","SP","PV",8,873,70,31998432,36671.67,488.18,"2099"
"148760","2017","7","55","RS","PODEMOS",9,1619,31,8392033,40504.04,1231.2,"1843"
"147160","2017","8","55","RS","PDT",20,1619,31,8392033,40504.04,17380,"1829"
"97984","2017","8","55","PE","PTB",25,1657,25,6356307,41304.94,3900,"1149"
"30198","2017","8","55","CE","PT",68,1687,22,6271554,42079.91,1293.04,"367"
"86425","2017","8","55","PA","DEM",21,1592,17,5188450,41855.59,270.34,"1054"
"120624","2017","8","55","RJ","PP",38,933,46,12141145,35388.11,1113.67,"1514"
"23623","2017","8","55","BA","PCdoB",10,1060,39,10185417,38638.99,259,"319"
"105602","2017","8","55","PI","DEM",21,1313,10,2345694,40599.91,4444.2,"1289"
"2973","2017","8","55","AC","PCdoB",10,2246,8,506724,44260.6,200,"29"
"107906","2017","8","55","PI","PODEMOS",9,1313,10,2345694,40599.91,3500,"1337"
"139465","2017","9","55","RO","PTB",25,1900,8,1127154,43300.63,1914,"1710"
"69282","2017","9","55","MG","PCdoB",10,624,53,15248681,35720.85,430.23,"809"
"161499","2017","9","55","SC","PT",68,1314,16,4859324,39505.92,16250,"1956"
"143745","2017","9","55","RR","MDB",65,2496,8,299558,45240.67,1406.54,"1738"
"126142","2017","9","55","RJ","PL",34,933,46,12141145,35388.11,23040.73,"1591"
"148156","2017","9","55","RS","MDB",65,1619,31,8392033,40504.04,18903.1,"1808"
"49398","2017","9","55","GO","PSDB",54,173,17,4331733,35135.2,13000,"608"
"33429","2017","9","55","CE","PCdoB",10,1687,22,6271554,42079.91,264,"398"
"122605","2017","9","55","RJ","PCdoB",10,933,46,12141145,35388.11,2816.07,"1526"
"132018","2017","10","55","RN","PSD",36,1775,8,2327451,42360.13,9000,"1611"
"72644","2017","10","55","MS","MDB",65,878,8,1818937,40170.98,649.16,"864"
"50150","2017","10","55","MA","PATRIOTA",5,1524,18,4497336,41779.83,14225.08,"610"
"86922","2017","10","55","PB","PDT",20,1716,12,2835882,41660.7,11264.52,"1026"
"19749","2017","10","55","BA","PP",38,1060,39,10185417,38638.99,821.21,"226"
"179911","2017","10","55","SP","PTB",25,873,70,31998432,36671.67,729.64,"2170"
"179345","2017","10","55","SP","DEM",21,873,70,31998432,36671.67,8013.86,"2161"
"149220","2017","10","55","RS","PT",68,1619,31,8392033,40504.04,30935.05,"1837"
"84587","2017","10","55","PA","PODEMOS",9,1592,17,5188450,41855.59,1165.8,"976"
"3623","2017","11","55","AC","PCdoB",10,2246,8,506724,44260.6,260.69,"39"
"48000","2017","11","55","GO","PDT",20,173,17,4331733,35135.2,12050,"567"
"80544","2017","11","55","PA","MDB",65,1592,17,5188450,41855.59,5897.23,"958"
"144064","2017","11","55","RR","DEM",21,2496,8,299558,45240.67,9985.2,"1733"
"180025","2017","11","55","SP","PSB",34,873,70,31998432,36671.67,21700,"2151"
"176167","2017","11","55","SP","PSOL",5,873,70,31998432,36671.67,2354.02,"2065"
"163867","2017","11","55","SE","MDB",65,1292,8,1454165,39767.4,1732.23,"1965"
"38939","2017","11","55","ES","PSB",34,947,10,2653536,37052.05,198.27,"475"
"20499","2017","11","55","BA","PSDB",54,1060,39,10185417,38638.99,5340.51,"237"
"4199","2017","12","55","AL","PSDB",54,1485,9,1995727,40572.24,547.63,"38"
"101776","2017","12","55","PE","PDT",20,1657,25,6356307,41304.94,10885,"1061"
"45807","2017","12","55","GO","SOLIDARIEDADE",15,173,17,4331733,35135.2,14900,"459"
"178531","2017","12","55","SP","PSL",1,873,70,31998432,36671.67,12900,"1925"
"179188","2017","12","55","SP","MDB",65,873,70,31998432,36671.67,693,"1940"
"8327","2017","12","55","AM","DEM",21,1932,8,2226891,43198.26,26000,"85"
"80273","2017","12","55","PA","PTB",25,1592,17,5188450,41855.59,2372.02,"831"
"69295","2017","12","55","MG","PCdoB",10,624,53,15248681,35720.85,773.17,"697"
"146495","2018","1","55","RS","REPUBLICANOS",21,1619,31,8392033,40504.04,992.46,"1619"
"52367","2018","1","55","MA","DEM",21,1524,18,4497336,41779.83,10000,"585"
"144658","2018","1","55","RR","DEM",21,2496,8,299558,45240.67,8500,"1601"
"99968","2018","1","55","PE","PODEMOS",9,1657,25,6356307,41304.94,3900,"1057"
"48544","2018","1","55","GO","PTB",25,173,17,4331733,35135.2,14522.13,"538"
"114782","2018","1","55","PR","PROS",11,1081,30,7865950,38500,709.57,"1322"
"98629","2018","1","55","PE","MDB",65,1657,25,6356307,41304.94,622.3,"1033"
"106622","2018","1","55","PI","PSB",34,1313,10,2345694,40599.91,19200,"1162"
"62284","2018","1","55","MG","PSC",13,624,53,15248681,35720.85,26000,"701"
"89430","2018","2","55","PB","PROS",11,1716,12,2835882,41660.7,10350,"1052"
"122515","2018","2","55","RJ","PATRIOTA",5,933,46,12141145,35388.11,215.95,"1460"
"115357","2018","2","55","PR","PV",8,1081,30,7865950,38500,3642.56,"1397"
"29161","2018","2","55","CE","PROS",11,1687,22,6271554,42079.91,16800,"312"
"33268","2018","2","55","CE","PL",34,1687,22,6271554,42079.91,3139.19,"395"
"51090","2018","2","55","MA","PDT",20,1524,18,4497336,41779.83,17611.02,"604"
"14486","2018","2","55","AP","PSB",34,1791,8,455514,43002.92,3500,"166"
"34288","2018","2","55","CE","PT",68,1687,22,6271554,42079.91,27113,"415"
"18008","2018","2","55","BA","PCdoB",10,1060,39,10185417,38638.99,12000,"185"
"178584","2018","3","55","SP","REPUBLICANOS",21,873,70,31998432,36671.67,15126.2,"2190"
"109396","2018","3","55","PR","PSL",1,1081,30,7865950,38500,8133.77,"1386"
"77962","2018","3","55","MT","PSDB",54,873,8,2189703,39056.17,2432.95,"940"
"69193","2018","3","55","MG","SOLIDARIEDADE",15,624,53,15248681,35720.85,203.62,"828"
"7145","2018","3","55","AL","PP",38,1485,9,1995727,40572.24,26420.1,"90"
"61860","2018","3","55","MG","DEM",21,624,53,15248681,35720.85,1770,"799"
"32025","2018","3","55","CE","PDT",20,1687,22,6271554,42079.91,630,"381"
"80096","2018","3","55","PA","CIDADANIA",10,1592,17,5188450,41855.59,14606.18,"992"
"163103","2018","3","55","SE","PL",34,1292,8,1454165,39767.4,222.92,"2005"
"161406","2018","4","55","SC","PT",68,1314,16,4859324,39505.92,4551.43,"1908"
"170119","2018","4","55","SP","PTB",25,873,70,31998432,36671.67,313.3,"1997"
"115017","2018","4","55","PR","PSDB",54,1081,30,7865950,38500,550,"1433"
"176531","2018","4","55","SP","PSDB",54,873,70,31998432,36671.67,7169.42,"2066"
"87406","2018","4","55","PB","REPUBLICANOS",21,1716,12,2835882,41660.7,408.67,"1030"
"69435","2018","4","55","MG","PSDB",54,624,53,15248681,35720.85,3064.36,"800"
"89109","2018","4","55","PB","PROS",11,1716,12,2835882,41660.7,3500,"1065"
"46522","2018","4","55","GO","PSL",1,173,17,4331733,35135.2,3202.89,"550"
"100584","2018","4","55","PE","PSL",1,1657,25,6356307,41304.94,469.37,"1170"
"74726","2018","5","55","MS","PSB",34,878,8,1818937,40170.98,315,"860"
"120136","2018","5","55","RJ","PSD",36,933,46,12141145,35388.11,827.68,"1449"
"163553","2018","5","55","SE","PSB",34,1292,8,1454165,39767.4,10000,"1928"
"170713","2018","5","55","SP","PCdoB",10,873,70,31998432,36671.67,7649.1,"1993"
"86769","2018","5","55","PB","PROS",11,1716,12,2835882,41660.7,7309.32,"1017"
"37293","2018","5","55","DF","SOLIDARIEDADE",15,0,8,1897677,30416.8,684.23,"442"
"49797","2018","5","55","MA","PP",38,1524,18,4497336,41779.83,5953.15,"589"
"120075","2018","5","55","RJ","PSOL",5,933,46,12141145,35388.11,20988.8,"1446"
"184175","2018","5","55","TO","DEM",21,620,8,996887,39131.75,8239.41,"2155"
"87330","2018","6","55","PB","PT",68,1716,12,2835882,41660.7,1663.07,"991"
"84777","2018","6","55","PA","PODEMOS",9,1592,17,5188450,41855.59,10528.78,"937"
"159105","2018","6","55","SC","DEM",21,1314,16,4859324,39505.92,3478.8,"1786"
"102791","2018","6","55","PE","CIDADANIA",10,1657,25,6356307,41304.94,2400,"1165"
"22308","2018","6","55","BA","PL",34,1060,39,10185417,38638.99,3651.3,"265"
"2963","2018","6","55","AC","PSB",34,2246,8,506724,44260.6,4137.21,"23"
"101142","2018","6","55","PE","PSDB",54,1657,25,6356307,41304.94,8793.01,"1116"
"90105","2018","6","55","PB","PL",34,1716,12,2835882,41660.7,8493.03,"1048"
"80069","2018","6","55","PA","PSD",36,1592,17,5188450,41855.59,8483.03,"911"
"51386","2018","7","55","MA","DEM",21,1524,18,4497336,41779.83,1377.02,"538"
"54444","2018","7","55","MA","PSDB",54,1524,18,4497336,41779.83,799.08,"597"
"99509","2018","7","55","PE","PTB",25,1657,25,6356307,41304.94,591.56,"999"
"123657","2018","7","55","RJ","MDB",65,933,46,12141145,35388.11,6345.36,"1327"
"19570","2018","7","55","BA","PSDB",54,1060,39,10185417,38638.99,3859.24,"191"
"84080","2018","7","55","PA","PSD",36,1592,17,5188450,41855.59,7501.42,"843"
"23072","2018","7","55","BA","PSDB",54,1060,39,10185417,38638.99,4400,"262"
"62050","2018","7","55","MG","PDT",20,624,53,15248681,35720.85,504.76,"673"
"101707","2018","8","55","PE","MDB",65,1657,25,6356307,41304.94,19522.95,"970"
"101960","2018","8","55","PE","MDB",65,1657,25,6356307,41304.94,7800,"976"
"184942","2018","8","55","TO","DEM",21,620,8,996887,39131.75,500,"1803"
"53705","2018","8","55","MA","MDB",65,1524,18,4497336,41779.83,14850,"538"
"108706","2018","8","55","PR","PROS",11,1081,30,7865950,38500,600,"1073"
"113979","2018","8","55","PR","PT",68,1081,30,7865950,38500,15885.63,"1145"
"53521","2018","8","55","MA","PODEMOS",9,1524,18,4497336,41779.83,1220,"534"
"170852","2018","8","55","SP","PT",68,873,70,31998432,36671.67,2795.53,"1659"
"30361","2018","9","55","CE","PL",34,1687,22,6271554,42079.91,2662.71,"241"
"71905","2018","9","55","MS","PSDB",54,878,8,1818937,40170.98,929.49,"588"
"121532","2018","9","55","RJ","PSD",36,933,46,12141145,35388.11,643,"1026"
"87391","2018","9","55","PB","PROS",11,1716,12,2835882,41660.7,6700.86,"716"
"79102","2018","9","55","MT","PSDB",54,873,8,2189703,39056.17,1328.51,"644"
"37207","2018","9","55","DF","PL",34,0,8,1897677,30416.8,3128.5,"308"
"103377","2018","9","55","PE","PSB",34,1657,25,6356307,41304.94,6289.71,"860"
"160477","2018","10","55","SC","PT",68,1314,16,4859324,39505.92,5932.75,"1641"
"58061","2018","10","55","MG","PDT",20,624,53,15248681,35720.85,437.3,"599"
"3918","2018","10","55","AC","PSDB",54,2246,8,506724,44260.6,1591.66,"40"
"149533","2018","10","55","RS","MDB",65,1619,31,8392033,40504.04,13201.83,"1569"
"70860","2018","10","55","MG","PROS",11,624,53,15248681,35720.85,13900,"710"
"83943","2018","10","55","PA","PT",68,1592,17,5188450,41855.59,7000,"829"
"61295","2018","10","55","MG","PSB",34,624,53,15248681,35720.85,3320,"638"
"137668","2018","10","55","RO","PSDB",54,1900,8,1127154,43300.63,8800,"1426"
"19506","2018","11","55","BA","MDB",65,1060,39,10185417,38638.99,5200,"183"
"98914","2018","11","55","PE","DEM",21,1657,25,6356307,41304.94,11876.74,"1006"
"165262","2018","11","55","SE","PSD",36,1292,8,1454165,39767.4,2500,"1760"
"111352","2018","11","55","PR","PSB",34,1081,30,7865950,38500,21473.26,"1191"
"23268","2018","11","55","BA","DEM",21,1060,39,10185417,38638.99,16000.71,"251"
"147115","2018","11","55","RS","PSB",34,1619,31,8392033,40504.04,12768.99,"1567"
"176929","2018","11","55","SP","MDB",65,873,70,31998432,36671.67,7697.16,"1844"
"107280","2018","11","55","PI","PL",34,1313,10,2345694,40599.91,9402.91,"1137"
"87111","2018","12","55","PB","PSB",34,1716,12,2835882,41660.7,15107.76,"889"
"90108","2018","12","55","PB","PSC",13,1716,12,2835882,41660.7,93.5,"949"
"39578","2018","12","55","ES","PDT",20,947,10,2653536,37052.05,17600,"417"
"72597","2018","12","55","MS","DEM",21,878,8,1818937,40170.98,451.62,"748"
"47263","2018","12","55","GO","PSL",1,173,17,4331733,35135.2,4666.32,"468"
"22732","2018","12","55","BA","PT",68,1060,39,10185417,38638.99,195.77,"247"
"122501","2018","12","55","RJ","PCdoB",10,933,46,12141145,35388.11,16234,"1292"
"140751","2018","12","55","RR","PSDB",54,2496,8,299558,45240.67,426.71,"1456"
"132188","2019","1","55","RN","PSD",36,1775,8,2327451,42360.13,13924.37,"1283"
"39359","2019","1","55","ES","PCdoB",10,947,10,2653536,37052.05,133.06,"391"
"149855","2019","1","55","RS","PT",68,1619,31,8392033,40504.04,10756.63,"1462"
"85811","2019","1","55","PA","PP",38,1592,17,5188450,41855.59,10500,"799"
"72363","2019","1","55","MS","PDT",20,878,8,1818937,40170.98,4858.85,"690"
"176534","2019","1","55","SP","PL",34,873,70,31998432,36671.67,965.92,"1683"
"62350","2019","1","55","MG","PSDB",54,624,53,15248681,35720.85,429.5,"610"
"67570","2019","2","56","MG","NOVO",8,624,53,15700966,35720.85,5000,"676"
"80907","2019","2","56","PA","PSD",35,1592,17,5499283,41855.59,269.68,"785"
"172869","2019","2","56","SP","PROS",8,873,70,33040411,36671.67,506.37,"1722"
"55729","2019","2","56","MA","PATRIOTA",9,1524,18,4537237,41779.83,817.3,"523"
"80686","2019","2","56","PA","PSOL",10,1592,17,5499283,41855.59,1975,"778"
"27396","2019","2","56","CE","PT",54,1687,22,6344483,42079.91,29410,"288"
"43173","2019","2","56","GO","PDT",28,173,17,4454497,35135.2,2382.39,"412"
"1561","2019","2","56","AC","MDB",34,2246,8,547680,44260.6,5844.1,"17"
"30894","2019","3","56","CE","PSB",32,1687,22,6344483,42079.91,12528.99,"339"
"154380","2019","3","56","RS","NOVO",8,1619,31,8354732,40504.04,110.64,"1589"
"116017","2019","3","56","PR","PV",4,1081,30,7971087,38500,3495,"1140"
"171825","2019","3","56","SP","PSB",32,873,70,33040411,36671.67,3500,"1807"
"97068","2019","3","56","PE","PCdoB",10,1657,25,6570072,41304.94,15807.94,"1076"
"56584","2019","3","56","MA","PP",38,1524,18,4537237,41779.83,6000,"566"
"166939","2019","3","56","SE","UNIÃO",52,1292,8,1577058,39767.4,2405.84,"1733"
"56278","2019","3","56","MA","PL",33,1524,18,4537237,41779.83,25000,"558"
"11769","2019","4","56","AP","PP",38,1791,8,512110,43002.92,4000,"144"
"16152","2019","4","56","BA","AVANTE",7,1060,39,10393170,38638.99,8000,"194"
"133341","2019","4","56","RN","UNIÃO",52,1775,8,2373619,42360.13,150,"1388"
"140179","2019","4","56","RO","PL",33,1900,8,1175733,43300.63,3800,"1457"
"66787","2019","4","56","MG","PT",54,624,53,15700966,35720.85,3573.81,"710"
"50711","2019","4","56","MA","MDB",34,1524,18,4537237,41779.83,498.27,"541"
"116316","2019","4","56","PR","CIDADANIA",8,1081,30,7971087,38500,1466.2,"1175"
"95132","2019","4","56","PE","PT",54,1657,25,6570072,41304.94,4514.79,"1046"
"96416","2019","5","56","PE","REPUBLICANOS",30,1657,25,6570072,41304.94,378,"1091"
"24189","2019","5","56","BA","MDB",34,1060,39,10393170,38638.99,15000,"258"
"103628","2019","5","56","PI","PT",54,1313,10,2370894,40599.91,9291.96,"1122"
"165680","2019","5","56","SE","PT",54,1292,8,1577058,39767.4,5956.83,"1758"
"129722","2019","5","56","RJ","PCdoB",10,933,46,12408340,35388.11,131.56,"1336"
"103582","2019","5","56","PI","REPUBLICANOS",30,1313,10,2370894,40599.91,13000,"1120"
"111007","2019","5","56","PR","PT",54,1081,30,7971087,38500,214.47,"1160"
"15765","2019","5","56","BA","REPUBLICANOS",30,1060,39,10393170,38638.99,456.1,"187"
"145749","2019","6","56","RS","PTB",10,1619,31,8354732,40504.04,2807.52,"1543"
"44421","2019","6","56","GO","MDB",34,173,17,4454497,35135.2,1227.63,"476"
"145873","2019","6","56","RS","PTB",10,1619,31,8354732,40504.04,4348.13,"1548"
"92125","2019","6","56","PB","UNIÃO",52,1716,12,2867649,41660.7,10250,"963"
"103835","2019","6","56","PI","PT",54,1313,10,2370894,40599.91,9091.96,"1115"
"116261","2019","6","56","PR","PSD",35,1081,30,7971087,38500,24410,"1170"
"34550","2019","6","56","DF","PP",38,0,8,2084356,30416.8,10600,"360"
"44683","2019","6","56","GO","PSD",35,173,17,4454497,35135.2,487.7,"480"
"77009","2019","7","56","MT","PL",33,873,8,2330281,39056.17,1183.69,"804"
"96925","2019","7","56","PE","PSD",35,1657,25,6570072,41304.94,857.82,"1055"
"117626","2019","7","56","PR","PDT",28,1081,30,7971087,38500,4000,"1167"
"134902","2019","7","56","RN","UNIÃO",52,1775,8,2373619,42360.13,1606.2,"1406"
"50315","2019","7","56","MA","PATRIOTA",9,1524,18,4537237,41779.83,734.99,"509"
"171870","2019","7","56","SP","PSC",8,873,70,33040411,36671.67,1200,"1834"
"81250","2019","7","56","PA","PL",33,1592,17,5499283,41855.59,1143.77,"835"
"68485","2019","7","56","MG","UNIÃO",52,624,53,15700966,35720.85,12490.63,"724"
"66042","2019","8","56","MG","AVANTE",7,624,53,15700966,35720.85,10786.26,"691"
"118353","2019","8","56","PR","REPUBLICANOS",30,1081,30,7971087,38500,1591.8,"1212"
"38045","2019","8","56","ES","PP",38,947,10,2754728,37052.05,12333.27,"394"
"97052","2019","8","56","PE","SOLIDARIEDADE",13,1657,25,6570072,41304.94,1282.54,"1078"
"9177","2019","8","56","AM","UNIÃO",52,1932,8,2428098,43198.26,4000,"96"
"81322","2019","8","56","PA","PT",54,1592,17,5499283,41855.59,1464.73,"865"
"1306","2019","8","56","AC","UNIÃO",52,2246,8,547680,44260.6,7500,"11"
"142531","2019","8","56","RR","REPUBLICANOS",30,2496,8,333464,45240.67,15000,"1505"
"44460","2019","9","56","GO","PL",33,173,17,4454497,35135.2,198.45,"453"
"152623","2019","9","56","RS","PSD",35,1619,31,8354732,40504.04,10180,"1587"
"126741","2019","9","56","RJ","REPUBLICANOS",30,933,46,12408340,35388.11,2802.17,"1258"
"129227","2019","9","56","RJ","PP",38,933,46,12408340,35388.11,1384.98,"1325"
"130989","2019","9","56","RJ","SOLIDARIEDADE",13,933,46,12408340,35388.11,345.5,"1369"
"181378","2019","9","56","TO","PSC",8,620,8,1039439,39131.75,8500,"1931"
"27030","2019","9","56","CE","PDT",28,1687,22,6344483,42079.91,4191.17,"282"
"130618","2019","9","56","RJ","PTB",10,933,46,12408340,35388.11,10000,"1356"
"153229","2019","10","56","RS","PSB",32,1619,31,8354732,40504.04,101.09,"1572"
"152405","2019","10","56","RS","PL",33,1619,31,8354732,40504.04,3682.63,"1554"
"93738","2019","10","56","PE","CIDADANIA",8,1657,25,6570072,41304.94,3269.99,"992"
"60965","2019","10","56","MG","REPUBLICANOS",30,624,53,15700966,35720.85,2261.16,"619"
"564","2019","10","56","AC","PROS",8,2246,8,547680,44260.6,6500,"5"
"41706","2019","10","56","ES","PSB",32,947,10,2754728,37052.05,101.27,"403"
"55730","2019","10","56","MA","REPUBLICANOS",30,1524,18,4537237,41779.83,31000,"550"
"181914","2019","10","56","TO","PL",33,620,8,1039439,39131.75,5866.4,"1913"
"24165","2019","11","56","BA","MDB",34,1060,39,10393170,38638.99,650.81,"205"
"140262","2019","11","56","RO","PL",33,1900,8,1175733,43300.63,164,"1414"
"94129","2019","11","56","PE","PDT",28,1657,25,6570072,41304.94,19171.01,"977"
"64095","2019","11","56","MG","UNIÃO",52,624,53,15700966,35720.85,496.5,"627"
"64418","2019","11","56","MG","PL",33,624,53,15700966,35720.85,1452.06,"634"
"95701","2019","11","56","PE","PP",38,1657,25,6570072,41304.94,11900,"1016"
"154288","2019","11","56","RS","PT",54,1619,31,8354732,40504.04,12175.1,"1572"
"81628","2019","11","56","PA","PP",38,1592,17,5499283,41855.59,6000,"850"
"81902","2019","12","56","PA","PSDB",29,1592,17,5499283,41855.59,7467.73,"777"
"90984","2019","12","56","PB","PL",33,1716,12,2867649,41660.7,1272.67,"832"
"12051","2019","12","56","AP","PSB",32,1791,8,512110,43002.92,21500,"118"
"140118","2019","12","56","RO","PP",38,1900,8,1175733,43300.63,129.7,"1291"
"167805","2019","12","56","SP","PL",33,873,70,33040411,36671.67,105.8,"1589"
"64671","2019","12","56","MG","AVANTE",7,624,53,15700966,35720.85,2109.3,"564"
"1699","2019","12","56","AC","PDT",28,2246,8,547680,44260.6,2000,"15"
"25162","2020","1","56","BA","PP",38,1060,39,10393170,38638.99,12500,"220"
"26275","2020","1","56","BA","PV",4,1060,39,10393170,38638.99,7939.14,"259"
"9798","2020","1","56","AM","PL",33,1932,8,2428098,43198.26,444.26,"97"
"83748","2020","1","56","PA","PSB",32,1592,17,5499283,41855.59,1324.12,"823"
"182157","2020","1","56","TO","UNIÃO",52,620,8,1039439,39131.75,593.29,"1720"
"117209","2020","1","56","PR","PL",33,1081,30,7971087,38500,6960.37,"1064"
"180985","2020","1","56","TO","PT",54,620,8,1039439,39131.75,7500,"1696"
"167434","2020","2","56","SP","UNIÃO",52,873,70,33040411,36671.67,948.75,"1729"
"171752","2020","2","56","SP","UNIÃO",52,873,70,33040411,36671.67,5676.7,"1779"
"16976","2020","2","56","BA","PV",4,1060,39,10393170,38638.99,4889.2,"200"
"127771","2020","2","56","RJ","PSOL",10,933,46,12408340,35388.11,358.86,"1250"
"44579","2020","2","56","GO","PATRIOTA",9,173,17,4454497,35135.2,6000,"470"
"141573","2020","2","56","RR","UNIÃO",52,2496,8,333464,45240.67,2353.82,"1455"
"34642","2020","2","56","DF","PT",54,0,8,2084356,30416.8,1156.3,"353"
"172099","2020","2","56","SP","PSB",32,873,70,33040411,36671.67,264.77,"1789"
"117470","2020","3","56","PR","UNIÃO",52,1081,30,7971087,38500,610.14,"1124"
"110814","2020","3","56","PR","PT",54,1081,30,7971087,38500,397.4,"1080"
"166495","2020","3","56","SE","PSD",35,1292,8,1577058,39767.4,21700,"1665"
"91561","2020","3","56","PB","PP",38,1716,12,2867649,41660.7,625.4,"893"
"9434","2020","3","56","AM","UNIÃO",52,1932,8,2428098,43198.26,430,"105"
"8838","2020","3","56","AM","UNIÃO",52,1932,8,2428098,43198.26,2856,"89"
"105921","2020","3","56","PI","PP",38,1313,10,2370894,40599.91,8900,"1058"
"64863","2020","3","56","MG","PT",54,624,53,15700966,35720.85,25730.74,"615"
"73683","2020","4","56","MS","UNIÃO",52,878,8,1877982,40170.98,252.72,"544"
"134269","2020","4","56","RN","PL",33,1775,8,2373619,42360.13,782.59,"984"
"43159","2020","4","56","GO","PP",38,173,17,4454497,35135.2,86.44,"319"
"106166","2020","4","56","PI","PSD",35,1313,10,2370894,40599.91,9500,"774"
"15848","2020","4","56","BA","REPUBLICANOS",30,1060,39,10393170,38638.99,5118.25,"129"
"64632","2020","4","56","MG","PSD",35,624,53,15700966,35720.85,12200,"455"
"8988","2020","5","56","AM","PT",54,1932,8,2428098,43198.26,6417.94,"70"
"37764","2020","5","56","ES","PSC",8,947,10,2754728,37052.05,1185.13,"291"
"127287","2020","5","56","RJ","MDB",34,933,46,12408340,35388.11,272.9,"913"
"131694","2020","5","56","RJ","UNIÃO",52,933,46,12408340,35388.11,437.2,"985"
"94238","2020","5","56","PE","PDT",28,1657,25,6570072,41304.94,5188.17,"732"
"5170","2020","5","56","AL","PT",54,1485,9,2187967,40572.24,1236.17,"32"
"96084","2020","6","56","PE","PCdoB",10,1657,25,6570072,41304.94,1102.82,"790"
"182559","2020","6","56","TO","MDB",34,620,8,1039439,39131.75,251.06,"1486"
"129709","2020","6","56","RJ","PT",54,933,46,12408340,35388.11,8594,"999"
"116515","2020","6","56","PR","PL",33,1081,30,7971087,38500,1068.13,"879"
"17069","2020","6","56","BA","PODEMOS",17,1060,39,10393170,38638.99,9600,"144"
"25479","2020","6","56","BA","UNIÃO",52,1060,39,10393170,38638.99,30000,"193"
"76296","2020","7","56","MT","PP",38,873,8,2330281,39056.17,11700,"637"
"117020","2020","7","56","PR","PP",38,1081,30,7971087,38500,180,"924"
"24522","2020","7","56","BA","PV",4,1060,39,10393170,38638.99,8153.49,"172"
"117630","2020","7","56","PR","PT",54,1081,30,7971087,38500,11000,"935"
"140979","2020","7","56","RR","REDE",1,2496,8,333464,45240.67,499.73,"1159"
"173346","2020","7","56","SP","PL",33,873,70,33040411,36671.67,1625.65,"1488"
"157389","2020","7","56","SC","CIDADANIA",8,1314,16,5070212,39505.92,3293.28,"1324"
"166366","2020","8","56","SE","PP",38,1292,8,1577058,39767.4,4100,"1402"
"166765","2020","8","56","SE","PP",38,1292,8,1577058,39767.4,1656,"1411"
"137034","2020","8","56","RO","PSD",35,1900,8,1175733,43300.63,1530.48,"1163"
"6381","2020","8","56","AL","PSD",35,1485,9,2187967,40572.24,9534.65,"61"
"182873","2020","8","56","TO","PSC",8,620,8,1039439,39131.75,2000,"1577"
"67463","2020","8","56","MG","MDB",34,624,53,15700966,35720.85,5000,"588"
"162887","2020","8","56","SC","PSDB",29,1314,16,5070212,39505.92,363.23,"1383"
"24485","2020","9","56","BA","UNIÃO",52,1060,39,10393170,38638.99,3028.2,"178"
"173168","2020","9","56","SP","PT",54,873,70,33040411,36671.67,30889.84,"1513"
"117896","2020","9","56","PR","PDT",28,1081,30,7971087,38500,2245,"977"
"6342","2020","9","56","AL","PSD",35,1485,9,2187967,40572.24,9122.87,"70"
"129887","2020","9","56","RJ","PTB",10,933,46,12408340,35388.11,162.4,"1078"
"65552","2020","9","56","MG","NOVO",8,624,53,15700966,35720.85,762.04,"539"
"130447","2020","9","56","RJ","UNIÃO",52,933,46,12408340,35388.11,580.02,"1089"
"83160","2020","10","56","PA","PP",38,1592,17,5499283,41855.59,161.53,"757"
"9930","2020","10","56","AM","REPUBLICANOS",30,1932,8,2428098,43198.26,7517.41,"94"
"140522","2020","10","56","RO","PSB",32,1900,8,1175733,43300.63,896.52,"1202"
"94682","2020","10","56","PE","PSB",32,1657,25,6570072,41304.94,1078,"849"
"92269","2020","10","56","PB","PP",38,1716,12,2867649,41660.7,885.96,"796"
"173917","2020","10","56","SP","UNIÃO",52,873,70,33040411,36671.67,649,"1541"
"145847","2020","10","56","RS","PT",54,1619,31,8354732,40504.04,97.45,"1256"
"171735","2020","11","56","SP","PSDB",29,873,70,33040411,36671.67,2186.8,"1484"
"181895","2020","11","56","TO","PL",33,620,8,1039439,39131.75,116.86,"1562"
"128887","2020","11","56","RJ","PSDB",29,933,46,12408340,35388.11,20000,"1053"
"155983","2020","11","56","SC","NOVO",8,1314,16,5070212,39505.92,2500,"1330"
"162734","2020","11","56","SC","NOVO",8,1314,16,5070212,39505.92,96.61,"1387"
"139842","2020","11","56","RO","PP",38,1900,8,1175733,43300.63,3295.22,"1175"
"83151","2020","11","56","PA","MDB",34,1592,17,5499283,41855.59,3885.55,"742"
"117432","2020","12","56","PR","REPUBLICANOS",30,1081,30,7971087,38500,8016,"948"
"162385","2020","12","56","SC","PODEMOS",17,1314,16,5070212,39505.92,1800,"1354"
"67602","2020","12","56","MG","PODEMOS",17,624,53,15700966,35720.85,808.6,"574"
"119236","2020","12","56","PR","PROS",8,1081,30,7971087,38500,200,"982"
"181316","2020","12","56","TO","PT",54,620,8,1039439,39131.75,6800,"1535"
"117828","2020","12","56","PR","PV",4,1081,30,7971087,38500,1666.84,"957"
"5690","2020","12","56","AL","PV",4,1485,9,2187967,40572.24,134.56,"53"
"131516","2021","1","56","RJ","PSB",32,933,46,12408340,35388.11,1007.94,"1125"
"9830","2021","1","56","AM","PT",54,1932,8,2428098,43198.26,2189.95,"97"
"169157","2021","1","56","SP","PT",54,873,70,33040411,36671.67,18000,"1498"
"117653","2021","1","56","PR","PROS",8,1081,30,7971087,38500,198.45,"981"
"9563","2021","1","56","AM","REPUBLICANOS",30,1932,8,2428098,43198.26,1399.71,"93"
"111048","2021","1","56","PR","PSB",32,1081,30,7971087,38500,1374.9,"937"
"157831","2021","1","56","SC","MDB",34,1314,16,5070212,39505.92,1893.9,"1395"
"5417","2021","2","56","AL","REPUBLICANOS",30,1485,9,2187967,40572.24,25000,"52"
"73188","2021","2","56","MS","PP",38,878,8,1877982,40170.98,2707.29,"657"
"15701","2021","2","56","BA","PSB",32,1060,39,10393170,38638.99,6408.26,"150"
"68729","2021","2","56","MG","PSOL",10,624,53,15700966,35720.85,659.97,"643"
"2302","2021","2","56","AC","PCdoB",10,2246,8,547680,44260.6,6245.43,"33"
"15340","2021","2","56","AP","MDB",34,1791,8,512110,43002.92,22000,"141"
"166209","2021","2","56","SE","PP",38,1292,8,1577058,39767.4,1996.88,"1524"
"167626","2021","3","56","SP","PP",38,873,70,33040411,36671.67,5895.73,"1474"
"81329","2021","3","56","PA","PSOL",10,1592,17,5499283,41855.59,5000,"704"
"95227","2021","3","56","PE","PP",38,1657,25,6570072,41304.94,329,"855"
"129357","2021","3","56","RJ","PSDB",29,933,46,12408340,35388.11,5008.84,"1085"
"73140","2021","3","56","MS","PT",54,878,8,1877982,40170.98,6056.33,"629"
"81061","2021","3","56","PA","PL",33,1592,17,5499283,41855.59,8778.71,"699"
"45606","2021","3","56","GO","PP",38,173,17,4454497,35135.2,3726.16,"419"
"74495","2021","4","56","MS","PT",54,878,8,1877982,40170.98,666.62,"668"
"141203","2021","4","56","RR","UNIÃO",52,2496,8,333464,45240.67,5200.29,"1237"
"42441","2021","4","56","ES","PSB",32,947,10,2754728,37052.05,1227.94,"367"
"154724","2021","4","56","RS","PSD",35,1619,31,8354732,40504.04,1963.71,"1357"
"136563","2021","4","56","RO","PODEMOS",17,1900,8,1175733,43300.63,384.82,"1200"
"130037","2021","4","56","RJ","PSDB",29,933,46,12408340,35388.11,11800,"1113"
"180832","2021","4","56","SP","PSDB",29,873,70,33040411,36671.67,688.5,"1610"
"129980","2021","5","56","RJ","SOLIDARIEDADE",13,933,46,12408340,35388.11,2281.5,"1169"
"35003","2021","5","56","DF","REPUBLICANOS",30,0,8,2084356,30416.8,237.19,"313"
"34514","2021","5","56","DF","PP",38,0,8,2084356,30416.8,8850,"303"
"153374","2021","5","56","RS","PODEMOS",17,1619,31,8354732,40504.04,147,"1406"
"134209","2021","5","56","RN","PL",33,1775,8,2373619,42360.13,30000,"1237"
"157688","2021","5","56","SC","PSD",35,1314,16,5070212,39505.92,1987,"1491"
"67936","2021","5","56","MG","PSC",8,624,53,15700966,35720.85,12000,"628"
"131174","2021","6","56","RJ","PL",33,933,46,12408340,35388.11,23847.24,"1203"
"158086","2021","6","56","SC","UNIÃO",52,1314,16,5070212,39505.92,13277.63,"1499"
"30846","2021","6","56","CE","PP",38,1687,22,6344483,42079.91,4772.57,"306"
"142456","2021","6","56","RR","REPUBLICANOS",30,2496,8,333464,45240.67,10000,"1327"
"105146","2021","6","56","PI","PP",38,1313,10,2370894,40599.91,3888.31,"984"
"45317","2021","6","56","GO","PSB",32,173,17,4454497,35135.2,1557.06,"444"
"64816","2021","6","56","MG","PT",54,624,53,15700966,35720.85,1401.49,"573"
"2120","2021","7","56","AC","PCdoB",10,2246,8,547680,44260.6,8606.14,"27"
"153958","2021","7","56","RS","PSD",35,1619,31,8354732,40504.04,167.34,"1419"
"130850","2021","7","56","RJ","PDT",28,933,46,12408340,35388.11,7898.65,"1185"
"15774","2021","7","56","BA","PODEMOS",17,1060,39,10393170,38638.99,600,"151"
"50636","2021","7","56","MA","UNIÃO",52,1524,18,4537237,41779.83,19287.33,"461"
"14842","2021","7","56","AP","PSB",32,1791,8,512110,43002.92,6690.67,"138"
"64549","2021","7","56","MG","PSD",35,624,53,15700966,35720.85,3139.18,"561"
"134409","2021","8","56","RN","PT",54,1775,8,2373619,42360.13,11949.98,"1259"
"119627","2021","8","56","PR","PP",38,1081,30,7971087,38500,4314.02,"1105"
"95875","2021","8","56","PE","PT",54,1657,25,6570072,41304.94,14053.24,"921"
"96745","2021","8","56","PE","SOLIDARIEDADE",13,1657,25,6570072,41304.94,532.98,"944"
"43330","2021","8","56","GO","MDB",34,173,17,4454497,35135.2,428.62,"386"
"76272","2021","8","56","MT","PP",38,873,8,2330281,39056.17,5152.72,"709"
"42503","2021","8","56","ES","PSB",32,947,10,2754728,37052.05,6685.68,"371"
"81401","2021","9","56","PA","PTB",10,1592,17,5499283,41855.59,10000,"769"
"1503","2021","9","56","AC","PT",54,2246,8,547680,44260.6,4009.19,"13"
"73763","2021","9","56","MS","PSDB",29,878,8,1877982,40170.98,25160,"692"
"91005","2021","9","56","PB","REPUBLICANOS",30,1716,12,2867649,41660.7,6700,"835"
"95595","2021","9","56","PE","UNIÃO",52,1657,25,6570072,41304.94,10956.19,"933"
"119530","2021","9","56","PR","PSDB",29,1081,30,7971087,38500,12000,"1129"
"44532","2021","9","56","GO","PSD",35,173,17,4454497,35135.2,9900,"443"
"24562","2021","10","56","BA","PSD",35,1060,39,10393170,38638.99,24405.23,"220"
"92471","2021","10","56","PB","PL",33,1716,12,2867649,41660.7,27000,"862"
"6672","2021","10","56","AL","PSD",35,1485,9,2187967,40572.24,12096.71,"77"
"118054","2021","10","56","PR","CIDADANIA",8,1081,30,7971087,38500,559.77,"1083"
"173215","2021","10","56","SP","PSDB",29,873,70,33040411,36671.67,14800,"1699"
"76322","2021","10","56","MT","PT",54,873,8,2330281,39056.17,442,"717"
"165375","2021","10","56","SE","PT",54,1292,8,1577058,39767.4,8000,"1565"
"64302","2021","10","56","MG","PP",38,624,53,15700966,35720.85,476,"569"
"91491","2021","11","56","PB","PT",54,1716,12,2867649,41660.7,5385.77,"823"
"25257","2021","11","56","BA","PSB",32,1060,39,10393170,38638.99,4069.88,"222"
"151902","2021","11","56","RS","PODEMOS",17,1619,31,8354732,40504.04,5810.29,"1361"
"60815","2021","11","56","MG","PSDB",29,624,53,15700966,35720.85,22539.22,"543"
"17555","2021","11","56","BA","PSDB",29,1060,39,10393170,38638.99,15076.67,"192"
"127362","2021","11","56","RJ","SOLIDARIEDADE",13,933,46,12408340,35388.11,23163.65,"1104"
"81971","2021","11","56","PA","PTB",10,1592,17,5499283,41855.59,1722.12,"763"
"129036","2021","12","56","RJ","PCdoB",10,933,46,12408340,35388.11,1700.51,"1030"
"96220","2021","12","56","PE","PSB",32,1657,25,6570072,41304.94,26245.31,"826"
"181679","2021","12","56","TO","UNIÃO",52,620,8,1039439,39131.75,1841.18,"1558"
"76569","2021","12","56","MT","PT",54,873,8,2330281,39056.17,1553.42,"632"
"63485","2021","12","56","MG","REPUBLICANOS",30,624,53,15700966,35720.85,83.35,"481"
"167901","2021","12","56","SP","PSB",32,873,70,33040411,36671.67,300,"1446"
"9792","2021","12","56","AM","PT",54,1932,8,2428098,43198.26,5950,"83"
"17632","2022","1","56","BA","PL",33,1060,39,10393170,38638.99,839.7,"172"
"117649","2022","1","56","PR","PROS",8,1081,30,7971087,38500,5525,"980"
"80821","2022","1","56","PA","PSDB",29,1592,17,5499283,41855.59,4367.46,"680"
"127464","2022","1","56","RJ","NOVO",8,933,46,12408340,35388.11,998.57,"1035"
"24405","2022","1","56","BA","PODEMOS",17,1060,39,10393170,38638.99,289.07,"189"
"37901","2022","1","56","ES","UNIÃO",52,947,10,2754728,37052.05,7946.98,"320"
"180117","2022","1","56","SP","SOLIDARIEDADE",13,873,70,33040411,36671.67,9253.08,"1549"
"67127","2022","2","56","MG","PODEMOS",17,624,53,15700966,35720.85,1310.73,"603"
"49732","2022","2","56","MA","REPUBLICANOS",30,1524,18,4537237,41779.83,26043,"451"
"42299","2022","2","56","ES","PSC",8,947,10,2754728,37052.05,14382,"375"
"173535","2022","2","56","SP","PT",54,873,70,33040411,36671.67,1110.54,"1681"
"104030","2022","2","56","PI","REPUBLICANOS",30,1313,10,2370894,40599.91,1596.34,"977"
"127748","2022","2","56","RJ","PL",33,933,46,12408340,35388.11,648.9,"1142"
"119213","2022","2","56","PR","PSB",32,1081,30,7971087,38500,11899.32,"1092"
"5796","2022","3","56","AL","PSD",35,1485,9,2187967,40572.24,182.81,"55"
"117268","2022","3","56","PR","MDB",34,1081,30,7971087,38500,4600.21,"1056"
"66900","2022","3","56","MG","PSOL",10,624,53,15700966,35720.85,6957.65,"611"
"116333","2022","3","56","PR","PSB",32,1081,30,7971087,38500,8157.8,"1037"
"34900","2022","3","56","DF","PT",54,0,8,2084356,30416.8,437.7,"320"
"103858","2022","3","56","PI","PT",54,1313,10,2370894,40599.91,9351.37,"973"
"16037","2022","3","56","BA","REPUBLICANOS",30,1060,39,10393170,38638.99,18269.36,"162"
"26117","2022","3","56","BA","PODEMOS",17,1060,39,10393170,38638.99,745.5,"251"
"45539","2022","4","56","GO","PL",33,173,17,4454497,35135.2,260.05,"430"
"167179","2022","4","56","SP","CIDADANIA",8,873,70,33040411,36671.67,21992.74,"1557"
"91305","2022","4","56","PB","REPUBLICANOS",30,1716,12,2867649,41660.7,14027.36,"811"
"50282","2022","4","56","MA","UNIÃO",52,1524,18,4537237,41779.83,31303.49,"441"
"151857","2022","4","56","RS","MDB",34,1619,31,8354732,40504.04,16000,"1362"
"44570","2022","4","56","GO","MDB",34,173,17,4454497,35135.2,7579.99,"413"
"134225","2022","4","56","RN","PSB",32,1775,8,2373619,42360.13,1531.41,"1229"
"43965","2022","5","56","GO","UNIÃO",52,173,17,4454497,35135.2,9044.59,"402"
"73198","2022","5","56","MS","PSD",35,878,8,1877982,40170.98,78.73,"684"
"16935","2022","5","56","BA","PSDB",29,1060,39,10393170,38638.99,5000,"171"
"35334","2022","5","56","DF","PP",38,0,8,2084356,30416.8,2000,"326"
"169290","2022","5","56","SP","MDB",34,873,70,33040411,36671.67,3243.84,"1642"
"154519","2022","5","56","RS","NOVO",8,1619,31,8354732,40504.04,115.42,"1443"
"154144","2022","5","56","RS","PSB",32,1619,31,8354732,40504.04,5821.04,"1428"
"155058","2022","6","56","RS","PT",54,1619,31,8354732,40504.04,27760.27,"1329"
"71071","2022","6","56","MS","PP",38,878,8,1877982,40170.98,973.13,"600"
"15360","2022","6","56","AP","PP",38,1791,8,512110,43002.92,8002.48,"127"
"2267","2022","6","56","AC","PT",54,2246,8,547680,44260.6,953.91,"30"
"95305","2022","6","56","PE","PODEMOS",17,1657,25,6570072,41304.94,394.21,"847"
"15346","2022","6","56","AP","PL",33,1791,8,512110,43002.92,10800,"126"
"12464","2022","6","56","AP","PSB",32,1791,8,512110,43002.92,6296.82,"119"
"76743","2022","7","56","MT","PP",38,873,8,2330281,39056.17,1018.35,"643"
"127733","2022","7","56","RJ","PP",38,933,46,12408340,35388.11,4525.46,"1012"
"1405","2022","7","56","AC","PCdoB",10,2246,8,547680,44260.6,4347.03,"7"
"93465","2022","7","56","PE","PSB",32,1657,25,6570072,41304.94,5000,"780"
"158135","2022","7","56","SC","PL",33,1314,16,5070212,39505.92,15084.72,"1335"
"95025","2022","7","56","PE","MDB",34,1657,25,6570072,41304.94,9864.53,"810"
"65442","2022","7","56","MG","PL",33,624,53,15700966,35720.85,3571.84,"523"
"77389","2022","8","56","MT","PP",38,873,8,2330281,39056.17,22429.17,"609"
"181413","2022","8","56","TO","PSB",32,620,8,1039439,39131.75,152,"1418"
"180504","2022","8","56","SP","PSDB",29,873,70,33040411,36671.67,28980.34,"1394"
"23720","2022","8","56","BA","CIDADANIA",8,1060,39,10393170,38638.99,1372.33,"147"
"128656","2022","8","56","RJ","UNIÃO",52,933,46,12408340,35388.11,1081.24,"945"
"28216","2022","8","56","CE","PP",38,1687,22,6344483,42079.91,531.9,"235"
"110756","2022","9","56","PR","PL",33,1081,30,7971087,38500,205,"710"
"55169","2022","9","56","MA","MDB",34,1524,18,4537237,41779.83,490.11,"334"
"92912","2022","9","56","PE","PSB",32,1657,25,6570072,41304.94,21050.36,"618"
"76898","2022","9","56","MT","PP",38,873,8,2330281,39056.17,5493.81,"523"
"105912","2022","9","56","PI","PSD",35,1313,10,2370894,40599.91,14635.13,"699"
"94341","2022","10","56","PE","PSB",32,1657,25,6570072,41304.94,341.44,"820"
"154017","2022","10","56","RS","PP",38,1619,31,8354732,40504.04,113.7,"1299"
"43144","2022","10","56","GO","PP",38,173,17,4454497,35135.2,3410.56,"363"
"56703","2022","10","56","MA","REPUBLICANOS",30,1524,18,4537237,41779.83,10790.98,"473"
"74263","2022","10","56","MS","PSDB",29,878,8,1877982,40170.98,11269.48,"647"
"94957","2022","10","56","PE","PP",38,1657,25,6570072,41304.94,24893,"836"
"153776","2022","10","56","RS","PSB",32,1619,31,8354732,40504.04,2170.36,"1292"
"96835","2022","11","56","PE","AVANTE",7,1657,25,6570072,41304.94,4000,"877"
"27353","2022","11","56","CE","PT",54,1687,22,6344483,42079.91,153.77,"254"
"76910","2022","11","56","MT","MDB",34,873,8,2330281,39056.17,6007.66,"676"
"165718","2022","11","56","SE","UNIÃO",52,1292,8,1577058,39767.4,1920.51,"1440"
"154125","2022","11","56","RS","PSB",32,1619,31,8354732,40504.04,1234.76,"1325"
"128011","2022","11","56","RJ","MDB",34,933,46,12408340,35388.11,28672.65,"1048"
"25403","2022","11","56","BA","PP",38,1060,39,10393170,38638.99,9855.91,"216"
"140466","2022","12","56","RO","REPUBLICANOS",30,1900,8,1175733,43300.63,919.9,"1163"
"155905","2022","12","56","SC","PL",33,1314,16,5070212,39505.92,7055.69,"1319"
"142322","2022","12","56","RR","PL",33,2496,8,333464,45240.67,10247.15,"1191"
"142720","2022","12","56","RR","REDE",1,2496,8,333464,45240.67,13731.38,"1195"
"34699","2022","12","56","DF","REPUBLICANOS",30,0,8,2084356,30416.8,198.64,"279"
"26034","2022","12","56","BA","PL",33,1060,39,10393170,38638.99,6866.53,"210"
"153784","2022","12","56","RS","NOVO",8,1619,31,8354732,40504.04,1500,"1276"
"131377","2023","1","56","RJ","MDB",34,933,46,12408340,35388.11,19100,"1034"
"73797","2023","1","56","MS","PP",38,878,8,1877982,40170.98,361.63,"594"
"65601","2023","1","56","MG","REPUBLICANOS",30,624,53,15700966,35720.85,3596.53,"511"
"131304","2023","1","56","RJ","PSD",35,933,46,12408340,35388.11,21018,"1033"
"157654","2023","1","56","SC","UNIÃO",52,1314,16,5070212,39505.92,555.67,"1284"
"119294","2023","1","56","PR","PSB",32,1081,30,7971087,38500,3775,"925"
